group_parameter_set_ID,synthetic_par_ID,synthetic_indi_beta0,synthetic_indi_beta1,synthetic_indi_beta2,synthetic_indi_drift,synthetic_indi_a,synthetic_indi_t,synthetic_indi_d_p,synthetic_indi_d_x
0,0,2.3432658573799263,2.3530008443946144,0.36200748871766203,1.009604055883491,3.4640270456813607,1.253041505900042,3.7810779484913217,3.7133354911800383
0,1,1.1608212403446947,5.348155602067039,0.5351631171866716,1.930532258388891,3.3818220537050356,0.8637027118511309,1.3830492422931058,0.2379502625453882
0,2,4.423849728121719,1.631047846319902,0.46394072958911564,1.1330245316042873,1.5006754067041166,0.21691994709710327,1.6222333884802311,3.315059864995212
0,3,2.383579598310816,5.6569828731375935,0.6264341470524254,1.723420597581423,1.575965080705414,0.34502058641571365,0.5348870473697818,3.514475601621291
0,4,2.3601928528529754,1.0954857857866267,0.9713783857109528,1.5556851576840114,2.811628834857091,1.6919405716994949,1.123556864164971,2.22005358483852
0,5,1.4761400649675713,3.0391665341142535,0.434754051036363,2.069982546750728,2.301742953665979,1.3667422111773493,2.533252888640448,2.2541199468241357
0,6,5.872311531852653,4.534150302285342,0.8612727817870859,1.2719749036286196,1.4897352005046738,1.0744562536273419,1.380575258752149,1.8647413451062937
0,7,7.034322507714422,5.21464756695361,0.6552189590949979,0.7414294675092227,2.457652024160578,0.7393361677012695,0.5190410024786116,0.9408824030527798
0,8,1.3899375291995484,2.5703409004086346,0.5518628801384979,0.640143470219218,1.9872516231939628,1.881516181751205,1.605102657503148,2.2592649730054486
0,9,2.8615400036758016,3.161146050820487,0.23140330016652647,1.742401339191532,2.0927147843218723,0.8781357753088326,2.668145834547854,2.8203568810530437
0,10,4.402955511051659,6.6515067455165555,0.3391780873217465,1.846943066913949,1.2715367863701994,0.4314980555404161,0.605040749612864,1.8984409437292755
0,11,1.291586294205168,1.4520561530141356,0.3650363728217786,2.3071118015531273,1.1834638981760084,1.2694693449259795,3.969456324773691,0.1176311286276368
0,12,4.247123549957305,2.067191383750733,0.19408340897573587,1.4182910380916074,2.8997745564625808,0.9274018949097675,1.9956326084540974,3.4133461875407796
0,13,4.921917500375977,5.180284275368262,0.49981508731077967,2.414899385350832,1.4303564100981934,1.221047033370464,3.5059562655722396,0.32879833164548167
0,14,0.6001994489901462,4.403685553517768,0.37646299968206043,2.7550618130742857,2.6312299828904075,1.23828668592509,3.358473518641685,2.679825015001207
0,15,19.514707215694862,3.4536868082287553,0.8494038610777351,0.9311017636708021,2.70904214952512,1.5431024120966583,3.756023916060095,3.1576476434800416
0,16,3.0723476454603373,6.091921956337957,0.32563240577560887,1.3916053783662095,1.2768336878894337,1.9745623821057396,0.7520323687836381,3.811835307785453
0,17,0.9949110381190494,4.4884593555157375,0.28663279555385585,1.507017335202912,2.9664333389412483,1.5732705357483177,0.9727342848608105,2.3681691859632177
0,18,3.3719658292843677,5.627355837422398,0.19507166731582395,0.9868421798630964,3.3466200775230632,0.9572899501156464,0.9963211584183846,3.4719991121613725
0,19,2.0748091103525996,6.485994268927852,0.4270697086908826,2.1659345374414887,3.037726263325436,0.7570545023160102,0.05597999215669969,0.4039837302991809
0,20,3.7501092139751813,2.988597187418264,0.5117761584448037,1.735416048257831,2.419344071543163,1.5745903182604857,0.10226649604111104,0.28888252717801466
1,0,29.69675217009896,7.17898452161333,0.9541641869234672,0.7654647127518781,2.041880242603615,1.809563264141315,3.1844285335323606,2.9420689574415952
1,1,12.625239719996719,16.83615835955734,0.33972832885080617,1.1274798341209569,1.4227293272260129,0.2860429894085802,3.808900041973742,3.370572449560269
1,2,2.4194644258095175,1.9564695288846152,0.041169778015749246,0.7302533356282466,3.3005790384433222,0.3076752148369352,1.066677933585035,1.2100670249139749
1,3,5.499963007455351,3.8136249370643376,0.21950593769498916,4.2250900252097034,2.1250790041056065,1.4974022868306809,3.6625632071182603,1.9393760032071943
1,4,0.6922534304375801,2.338828553717642,2.926823714851887,0.8905575820143152,1.041643109331194,1.9689970085847897,0.7119828154277759,2.6576497205017753
1,5,10.955295818255209,3.949783284204785,0.18588690851143388,1.3987857425488857,1.3898220906981669,1.8300801107925277,2.899944313981817,3.028569696259336
1,6,1.8275872420334816,1.075484465699859,2.3883151454629163,2.373643509823557,1.8447465150179105,0.7350269266583094,3.2379588509683863,3.188905325796117
1,7,3.2062126488799927,2.5492503025159845,0.54561643298778,1.2450285492567792,0.5211782822114804,0.7793202103653405,2.0232334962849845,2.038146861417914
1,8,11.442833905132897,11.919668842395318,0.4066209286464829,1.6349968180950474,1.0150289716066097,1.5853993270366886,1.0203740423499679,1.4074257129273366
1,9,15.188684020822924,8.567649259361348,0.531903798093026,1.9879721160455082,1.4409921130536305,0.9318931915074822,1.348360222823631,3.029746332165622
1,10,2.631282059175441,2.558554601217019,2.9858254660079653,0.8132668745580852,1.707045848639522,0.257135627879532,3.617794422699329,0.25560082851944044
1,11,3.7783586789269115,3.969471838376812,1.3259502100388911,1.7349019406245294,1.4354094450697839,0.8157736078744711,3.6537397920193118,1.3568982324991072
1,12,5.08540243356424,4.346035076318995,0.28033625306147153,0.9591666165496252,1.0334871818799174,1.4033060388213137,3.0800346070207203,0.7351191765934733
1,13,1.4335459209537953,1.8772464357194614,0.20462279283866466,3.0129411778632917,1.2225294448047443,1.7044663452718072,2.359011376759909,2.0866391303489986
1,14,7.374908015137872,2.779137100210217,0.09680130577106585,1.1686203313358912,0.5496339014409704,1.216538925941891,2.0677188331367313,2.858174700824506
1,15,3.012057539134284,5.595536965588228,3.4717372732089142,2.3982984174007917,2.8903438363654073,0.4596430757997486,1.4593218878906655,0.3949292970290772
1,16,4.783943630506922,2.718059765750893,0.5524097184854527,1.5576437217992718,2.4868486013472664,1.8109605675711162,0.5713251543430227,2.687406305209835
1,17,15.079535297430304,5.131614890861802,0.7202546909235796,1.0822267993147834,3.410188156711553,0.26449465334843564,3.221231061408134,0.2283539465977218
1,18,17.776537517148718,1.9706581396868528,0.644196975722636,1.8765100686892693,1.9854662903067783,1.2120058882958213,2.0281068577581767,0.05590975479143223
1,19,26.785622065153134,3.102581432111632,0.2350668506103363,2.790919039664281,0.744287840949069,0.714388755400952,0.682172959084586,2.984535398219033
1,20,8.692041409513624,10.208164318964718,0.2572322339680604,1.6321488216549993,2.7734400262404724,1.222556517536275,2.362104023131988,3.417846907610127
2,0,2.387441143732706,3.876056388113058,0.5905365226503071,1.0500239136220244,1.775484782963718,1.0994882524253504,1.1820949802009135,2.47162377833807
2,1,2.2036164839945562,1.3948343410835127,1.2229628258066976,1.3514799548617908,2.0764143297419624,1.7792044425854385,3.211004657204509,1.8420188496574101
2,2,6.675061144370889,2.742194002132466,0.27937103397542357,1.5574623825704348,2.0126141400618485,1.436478759184178,2.552813077590238,0.7835832779041252
2,3,3.185658385144649,4.735088378750199,0.6885875886418775,0.8555280018727786,2.1929614628274887,1.7001273561139152,2.978542624609469,3.781495048715643
2,4,2.91564717894287,4.6882051125218895,0.563329439164592,0.9755003772721016,3.0426831927053906,0.2374967112565693,0.09249032258401924,3.7020728651064263
2,5,2.4489940907782928,3.2573844665598046,0.16481424225892344,1.0848802257799381,1.1704226813010001,0.7106113963540475,1.7551194219879696,1.0507901940651756
2,6,3.492446818918973,3.396120056841278,0.5347152466693631,0.7957436864952251,2.6202742403540284,0.8812070838033113,3.8863921059853697,1.9710771416833475
2,7,3.3810715312466146,4.315542616019742,0.35631214133598355,0.8733273435912362,2.0367753627051846,0.7235313209197343,3.5446297148281745,3.0612147376745313
2,8,5.2094225407374095,7.255046386850732,0.34293243553252634,1.1510228791819956,0.9508317803880778,0.3689353720066831,1.8622768604288544,2.9306813035353674
2,9,4.6664462208019515,4.907086247459967,0.3264020442321912,1.7404226479273264,2.808110974798103,0.4161560872756549,2.370615523449886,1.3584175489714867
2,10,3.6359182923374713,6.40302966735929,0.8096193673459839,0.46696913280090446,3.278673031777215,1.9779595457520607,1.3683108669732071,2.7944056765197853
2,11,5.0765535759812375,3.4594954661929243,0.27374259094242764,1.031774111432853,1.0095211124869157,0.24419861187484238,3.6979903510115544,1.6470817610654742
2,12,2.3538587895537266,4.670887911635675,0.2425112947892833,1.7952796298853781,0.661189294712972,0.9750435809844802,2.478809705262386,1.1364522482740251
2,13,2.4192682495320104,4.241552773784727,0.2696352070620524,1.5571356841866049,1.6778350320004112,1.5320481830988515,0.7758825546582631,3.9177216340165506
2,14,4.012666862577687,4.992294335524003,0.6452412819223082,1.7855231812601158,0.7663695557374427,1.0058015224448216,0.4374601220359273,1.3103999882396655
2,15,3.5866681340476774,3.8513756607769447,2.135482660289315,0.5386075597922775,1.737507434897436,1.2301552064056016,0.5832362814491314,1.2121930017433455
2,16,3.559576425077187,2.608652304651837,1.2988846202222024,1.3906290094024842,2.854870050556841,1.0997369634293943,1.7457492899135767,0.03605217580523945
2,17,3.6124819856261667,5.577369966803133,0.6069944950168353,1.6666455689337176,2.0214235753179683,1.6930489920185983,3.4297669257115633,1.8555537617214544
2,18,3.4230663966078843,2.393729287876786,2.453777203817297,0.7304504649197601,1.828100056351786,0.5697031569387916,3.5826453784539467,3.835964674876421
2,19,3.93448865853762,4.220489916168772,0.5437519029277635,3.0352553822406656,1.8151459221493909,0.4001443132165807,2.870766335569267,2.4124588494126957
2,20,2.581313174519502,2.0238888011623515,0.9300495576555506,1.7435495517013946,1.7079396600957533,1.5082269121858527,3.057865032410818,3.198050222418843
3,0,10.249177589048971,3.074996784408577,0.29678786813219316,1.1773458413491282,0.5969890705396992,0.3481549245016838,1.4900601213365983,1.1190846435239834
3,1,2.457235543243352,4.2786633813287125,0.12659269060085276,1.7422459119353328,2.467439753937027,1.4315458966936454,1.8689051431387402,2.795835140546688
3,2,2.0186376515478255,5.008850812549497,4.499793104768945,1.0666361736544105,1.8175712582122654,0.44887603726451086,2.965040725406852,1.3371695747922012
3,3,3.7250891052881965,1.5428262487188078,0.5621545578705475,0.9955322434115299,0.5949455808208413,1.5814575775857715,2.4952739263354515,1.9418700578328059
3,4,3.571497503696763,2.0041873614791257,0.17004485035037842,1.2885264918525454,0.5874336773396514,0.33787830788168155,3.851573073975466,2.797690435171582
3,5,3.379172336270276,3.6273712510753766,0.8723950162727304,2.2893124792777395,2.329555651797665,0.3413606092307191,2.5470781492903845,2.875516500000841
3,6,4.801230209941663,9.70608008230768,0.3242245384150007,1.1028137225971797,0.5297785006149595,1.3593991371991163,1.7727960625158814,1.3224433147721553
3,7,2.5709268810614967,1.7315963764949591,0.1612726748084844,1.129097227828929,1.3190281239074533,0.49918341709232567,1.4620110712263026,1.5800348777865239
3,8,4.977679517236439,1.7913238364318698,1.9907183658575751,0.9463632244572804,2.9527559919466224,1.1603604113189399,1.6393095286404482,1.920798884859062
3,9,10.369089993626943,1.8466645847534466,0.5861822344255945,0.8473996099085047,1.9999048688942271,1.2206256911568718,0.010843119395275824,0.7240876103349732
3,10,2.8181876001069823,2.6782905038148326,1.6510288464616003,0.7448762574561302,3.0015014980739165,0.2603549261061253,1.7645608470075347,3.5667574670036877
3,11,9.419207345138384,4.817661434651644,0.6247259039288228,3.4083810321324797,0.6015302513028615,1.1984331283174794,1.389229143679393,1.479210853195959
3,12,3.7739091397550957,1.3314586005552873,0.06055789964957695,1.0171258074784004,1.9006254222489396,1.7486365543292095,1.1995405506896213,3.9812363166696336
3,13,8.34413869348532,3.5695370776935618,0.5994836061670218,1.0766490225237035,1.3080547310698885,0.8398486484546384,1.903917144608184,0.5591410332315676
3,14,4.574971569306284,7.635063635218294,0.8287549494429154,2.4222024670330082,2.329306617258773,1.9890508986076774,1.4666903353974803,2.152569047564807
3,15,7.194582866399415,1.5729438200268258,0.08375445300777005,1.3932168321224048,2.9099766921243804,0.6825613678414936,3.4426081338562846,2.7556757890605117
3,16,0.8859031605758818,0.5932135863093059,0.21911257330212394,0.9005980588045271,3.3882520251931347,0.21924120079667045,2.90870601759229,1.7853822494435234
3,17,2.388059542344582,1.663584924099107,0.5919085233777888,1.383881556668933,1.3787113742066293,1.3437817842045208,1.9661153016836384,2.2064631697350956
3,18,15.319783623454168,1.734615912170203,1.0369033774356902,1.4967336633883355,1.5449634204091751,1.414300202362562,2.75386568532869,1.4960338922227017
3,19,6.467590032928644,6.667446028546381,2.287479286409962,1.5948314955496363,1.5658883576456115,0.6202292346221694,3.8692984847126546,1.5572856890844986
3,20,1.9244045198074067,1.2964392826372892,3.6187511658813265,1.1991755211656054,2.2746836365286387,1.092976414532691,2.504875061860792,2.707865752812903
4,0,3.0683659391062754,17.055691093748138,0.18024163049677416,0.9795989835113889,2.6551652470785183,1.3068613485171472,1.11621875520837,0.6918506934636572
4,1,1.2459614169259734,7.628248835040568,0.17456566341765853,1.2540044709238691,2.684915558828689,1.0694951868027467,3.774610171422884,2.972830733107133
4,2,6.439556497248471,4.384805776521945,0.24227065544663773,2.4674022366828745,3.1331192062735584,1.3712952424954075,0.10589271267940958,2.529172193282691
4,3,5.751324282280869,4.84809867731321,0.49380375698207424,1.4495345771433505,1.1676472352419882,1.381332465245133,2.0180633950952798,3.947892480885839
4,4,3.0910978825023046,1.8277980742777127,0.15816285644910122,4.382493084327936,1.2685982462494165,0.9117746564794864,1.385169495161707,1.5067627883208115
4,5,2.581670672137878,1.0768860003922485,2.8166571895095274,1.7205152566285205,1.4273334199389036,0.9786013442427504,0.6630329593277282,3.2519972958411048
4,6,3.40675499909562,5.835486257743431,0.06984384714149217,0.7318322275051378,2.2978244361769615,1.2682742615929468,3.857432551517311,0.5573182070483642
4,7,3.383502614760692,8.645877708844786,1.0138894525144633,3.144807289293655,2.33354624316845,1.5275983120952639,0.9462263612661443,3.0089177451274547
4,8,2.765774374904961,7.218113322118489,0.14096688825765433,1.0265349690579135,2.6574393314403064,1.8794234107506422,2.5076631996099503,2.510566286161669
4,9,2.400310870250204,3.0949207888134413,0.22211794142794447,3.0354985969520194,0.9667357912127704,0.9538008675420886,1.481645791943523,1.2047811750041952
4,10,2.212670757723931,4.620463045680884,0.30621592492166394,1.9273026226173078,0.8318097381956087,0.6699542644493375,3.7151600934934246,0.6359040052835865
4,11,7.459389753332973,1.9158845934443016,0.12551281326681596,0.8384360875280692,0.8594284759971347,0.2106385378562625,0.7918312329965564,3.9229958782304477
4,12,3.1962424357227905,3.7946427337735256,1.4226323464688848,2.759337519475025,1.0942931752973877,0.9357504473997171,2.7718934318119692,2.1063386287041874
4,13,1.5753709002162353,5.51016017543695,0.28961935337017136,0.815903594512462,1.351756336166687,1.18490326497768,2.885200432333224,1.0194754322735111
4,14,6.087269679252064,2.1459622306333537,1.9122047081338955,1.585977018484027,2.9689066639161865,1.604203492108465,3.555716987324793,3.2182983435642947
4,15,2.4695946788754854,11.661551358017212,0.1298089952707596,2.468038074452734,3.167572733949042,1.1030391935284105,3.0557696367464393,2.163832323145474
4,16,2.420818856871351,9.2791879115788,0.16082420738363806,1.3981082447983058,1.382112428070498,0.35419550555651624,3.530889139941734,0.5931126169797065
4,17,1.8376595664120834,6.516441903753558,0.20397315960094065,2.051869583527059,1.7600161270914607,1.3071566710304388,3.053218091022718,3.733201608845117
4,18,2.3808135948513893,3.999177166691525,0.5135564650301544,1.9572089240503607,2.7736639415161206,1.0124529638307576,1.5071479061560722,2.1090942936330537
4,19,5.778686245085955,2.8554259369334942,0.49504437836287,1.6367101434204194,2.317620591671737,0.3581483987715365,0.7658247097558006,1.6178853737548295
4,20,5.231460230465893,2.79315673666341,1.7675303656665025,1.2974193608463116,1.6422175291144785,1.150557478495895,2.284031624889306,2.331295308237966
5,0,2.5989047921810444,6.307316384882548,0.6704580104821999,1.037572205017609,1.241486486722128,1.9596015243604836,2.815892284244483,2.184685602157861
5,1,1.3762901385767636,1.7578189672703033,0.3707603176367378,2.283827941940996,1.7575012786827973,0.5296098773576934,1.053873155850563,0.961417535469471
5,2,2.631674199553007,4.70173355065223,0.6993913729991862,1.9807914814727015,2.256425610239973,0.4454267069371344,0.3087600170469815,3.9542152635789494
5,3,4.696920075988066,10.564704181005943,0.5292228974856451,0.9782537926634874,1.8289170478563181,1.4097760303310913,0.7758506221472987,3.3485251802067517
5,4,2.7282903616221725,9.851217988182153,0.2509412663815052,0.8236370253290026,2.82037924233972,1.6137329869609118,1.3416668419730287,3.7839396841024993
5,5,4.315768180277284,4.10662159576223,0.3730320896260538,2.071827698949197,2.1139319915826853,1.1994142423207468,2.864129067872538,3.6489757225522523
5,6,5.226871376612472,26.54473070401455,0.6719053207872769,0.671598709763064,1.0774194106543236,0.20210979014935418,3.0281061218525442,2.215570636089116
5,7,3.1179218316239288,5.212271611878141,0.5784273828464156,1.0049737399734662,3.135039350222627,0.8810290270767094,3.545379214774232,3.558611222460423
5,8,1.3237109634982922,3.0744750864425074,0.3590162318498727,0.5209170296444108,2.763150080120235,1.3856883482974396,2.170640846345337,3.324318040610949
5,9,2.614844536090877,18.025871660987075,0.40948881091009437,4.327530952944157,2.633612233865521,1.6177196474994144,0.8644001061258737,1.089550141200775
5,10,1.9608303321239082,1.4898387049353083,0.42224867010155953,0.5512717156134553,1.7326200004947965,0.9540574575816603,3.168015284999708,3.656666966876167
5,11,4.188053083832435,3.8606575271195216,0.8185891896984688,1.4716033946520803,2.434956507356241,0.9620182281209082,3.2345354330399374,3.445987778714033
5,12,3.1235545768504376,1.5504150415696758,0.7162294511801925,1.126181767661236,1.3438311858253045,1.9287735000330297,3.7525016825644837,2.3415259633563177
5,13,2.813112944589932,4.365289519760657,0.24419802857911518,1.8667781198306257,1.6776092673666003,0.4151797034711455,0.6427422193962209,2.9253036240580634
5,14,2.0463769527715345,11.880560324019717,0.6396286227774027,0.5298286086135856,1.885618741296844,1.0542659760407112,1.0907180881196847,2.724174905281067
5,15,4.0356597675571395,3.3405740569375357,0.23037505442374664,3.3528019495824166,1.4413215273090323,1.9336321234253182,0.32284125574791656,0.8403354211916398
5,16,4.116643135776647,15.10165539816614,0.8197380694053678,2.15731144829653,2.706992844452939,1.940903460374155,0.9573254495325543,0.25322213144096173
5,17,4.378037029908453,1.571425517899276,0.5196398593739697,1.0349858457261571,2.872446855980566,0.9791337605046793,3.756991979150861,0.3462986016139893
5,18,2.811496013804875,7.568610360387597,0.327558148833229,2.655475608498248,1.7328097857767353,0.9702417104754337,3.3757098955244276,2.2622815654163326
5,19,3.8751556498576685,7.491658926381008,0.6156973277732567,3.009092599318513,2.705019456173475,1.3281921864407447,3.9996167574377584,1.1297329373589817
5,20,5.43618203305647,2.823222281721877,0.534772816389903,1.0600391986882978,0.864460839290438,0.8164731092356694,1.7883417581150307,2.1324742187070425
6,0,1.8652466830996968,5.8770318022918975,0.11783274676263056,0.7593595536914303,1.305832745931682,0.7489807006299074,1.9659787195143816,3.4043237895467855
6,1,25.50604740596034,2.8691799162519973,0.27472152233223024,1.2590863553213911,2.4399424183805247,1.99785937736691,0.6670224049781357,1.6223370400790986
6,2,3.7465928510973976,1.927889613791711,0.40327207729049014,1.2856014734965955,3.4368848397852982,1.5720312362934696,1.2325543835863995,0.4131180521069968
6,3,4.135300535973097,3.136012944319725,0.5564987869835043,1.508192404079573,2.0867799909660096,1.0138171308130002,3.5967343287090463,0.3677312926972909
6,4,5.179547367024535,3.570331298749962,0.08022456273544673,1.5365384339127575,0.9495311604566787,1.7345549152797775,3.11270452455756,2.353736191868435
6,5,3.0612329557553606,2.3735379389081905,0.5591217994656372,0.6186017690185102,0.7805964893454447,1.1520355902850756,2.4061372873209512,2.4278809153136773
6,6,1.9447207848367034,2.6884509279017292,0.14163479117476585,2.2344635502592047,0.5931639776305138,1.6771605179051918,2.0741568273687956,2.2125723229038465
6,7,7.209866151097076,2.43592577358727,0.40923822963131057,1.9812916904370745,1.6556196947004531,0.8917864205581651,1.3556400920169978,2.08870507213249
6,8,1.6880625958080688,4.709644220808221,0.8680820944174997,1.9945812817081119,1.2373269755033778,1.9558911900026366,2.253513017392432,1.4771057517537933
6,9,3.041198009847761,2.425187505791448,0.4567016398858096,1.4917759492928322,0.7136350086447,1.1212198029242901,1.4242984555631617,1.3796369621286417
6,10,9.7435482639699,3.2724368834831155,0.29037056171153536,2.007480486832189,1.6959947975583125,1.4846260173754429,0.7044456836297792,2.3612614159312235
6,11,3.4915759455921425,2.308282925261524,0.4482155128684917,1.6185934437028844,2.9295838793779096,0.5630057125154605,3.1910514502289664,1.5959983956378632
6,12,1.6712609365717443,4.198626477158059,2.162062926849,1.9631312635244047,1.354393415037788,0.3422922105717146,1.9865222081274223,3.692613068663979
6,13,6.204700215867087,2.092751676414009,0.17982486702093095,1.2863875379983711,3.0699153623747573,0.6525884052812737,0.33732090234530343,2.281577314030327
6,14,1.2839342878871989,3.916254872246769,0.33141791752907346,2.2574455929126054,0.5707706988360307,1.6814962365159551,3.1170672634342376,3.950133317579266
6,15,1.2719557913691129,3.8892869284721114,1.4172514201681294,1.102888541339583,3.0408029428711796,1.4065394470050838,1.4425366097284447,3.0049053985172214
6,16,8.495798564071164,2.4305343735899902,0.28903528390492306,2.0825704387751847,2.3358831459926135,0.5476926318419408,2.7508284663091134,3.963143030010268
6,17,8.039061651133917,1.8008466326698471,0.3328193521994784,0.5823655027558082,2.1486816534629405,1.4174984065445033,2.2798552185190175,0.21861305640475415
6,18,3.241203920080646,2.874414420071308,0.8863132848488695,1.3769235241758784,2.4976579367587566,0.7112531319593205,2.342706942048597,2.837632695355193
6,19,2.1918835401369914,3.153300068144481,0.7956384643386303,1.399175564188804,1.775533804779719,0.860860590952315,1.938824910741058,1.544314938271834
6,20,1.1348203025572168,2.844886651776592,1.1695282138393432,1.2759365517876136,3.0486756255589627,1.1563859910067655,0.7171621570185462,1.2517428414613927
7,0,2.2917235086537318,1.0750957004110524,0.46275444143676825,1.3773842586321057,1.13622398908505,0.5445864365343895,2.457121435743893,1.7840604391564243
7,1,2.98232677157308,0.8025278782300699,0.4687781247368385,2.0959462984438986,2.535496349778535,0.7092466651775442,2.3440702093223167,2.5826177923709754
7,2,5.502212530865746,3.133701204222082,0.9650728222079884,2.003617286187271,0.8298411736715952,1.5610645308881461,3.4778923090458127,2.3825613823722436
7,3,4.420442668678339,8.546415184440274,0.4201342015022764,1.416890448757475,1.8216232360715559,0.24631927920806018,3.997531701586712,2.848799396974148
7,4,1.7319677971126375,10.236205974175315,0.6738750054762357,1.7131175232040188,1.9573380893731533,0.26462391579476596,0.15523639226274444,3.8065786295608173
7,5,1.6420103215655828,2.8144949784551745,0.6559537692491989,1.707408421214972,1.3585273116367005,0.8604383392471451,0.8364115693392189,1.285005258861268
7,6,0.9308103092081282,1.5823437956076767,0.7473678254446845,1.1339652154552378,1.364138347015,0.8966320932868603,1.7371130824906236,3.6118399187064347
7,7,4.576516024154851,0.610141598386324,0.4108892044085176,1.2851272065167665,1.6040061325199124,0.4072535888882424,1.6823842431880984,1.4528416030492872
7,8,2.8096909709820137,4.006848159443937,0.7938985393988529,1.525695342323257,3.1877533443520853,0.4865962522524068,0.6919034859511362,0.8087747041319719
7,9,8.529285080500102,3.4564400868640788,0.6706653824120089,1.4069419924352973,3.3397197551853965,1.4359013419107536,2.68650519653445,1.5198102292881184
7,10,10.962092144516879,5.7470953411548455,0.6669174617785213,1.8723456338302336,2.579676511633102,1.016101297932085,2.4240798942967454,2.575649703468503
7,11,1.5527897699748623,8.621031124546366,0.6920105338574499,1.0721128317671287,0.6781499714938686,1.9657532666565514,0.8157179861249406,1.3375512907450453
7,12,2.10462838308208,12.370159554529726,0.9816778548121489,2.758116027453882,2.15380755315287,0.4364523007902058,2.7829105813458535,1.1067470868046412
7,13,2.9591602186436172,16.966401476267723,0.23119140459268847,1.3852877846947371,1.4995261621611093,0.9204212103973506,2.8662888597920646,3.4415688402325224
7,14,7.101315392581274,2.5402139076552324,1.6697918731718693,1.6240643350762416,2.789995071715299,0.5834140945306845,0.8761915402553506,2.90856254921604
7,15,2.9081679872174115,5.750443167636406,0.32354728470149646,1.8894216325756452,1.6683184057265108,0.9520798446723091,0.5558833040175521,0.57125709299509
7,16,1.814900492954236,9.873789411473117,0.29162124086560126,1.5637789759009952,1.5541371136144324,0.46863884905650643,3.412639967115505,2.4232355197988604
7,17,0.7023050386626797,12.28364708722017,0.6644174413303168,1.1639978936306812,1.8262198277701023,0.5329595064262542,0.7702035221281123,0.32034682778773504
7,18,4.386444592821406,5.254383653568695,0.8627962629456651,2.4477599890764807,1.250270267740122,1.6907675754990266,0.5561050528135691,3.1417550714290674
7,19,5.250062739785159,10.145617513147696,0.7476434420936399,1.8802448728572652,2.5222916957255315,0.3671851450647615,2.2649037743870424,2.979785810173786
7,20,2.908980557681609,3.976115387262283,0.655441317975321,1.6138386815964194,2.5581197217757508,1.2798237433746893,1.6541762406210343,0.10395093001660838
8,0,8.86438752662262,3.03523201251456,0.3432882788501442,0.9077518855767235,2.122306534608302,1.367447079940915,0.4591755098704189,1.2070948058923614
8,1,4.660095839211181,5.8543639391675,0.12594272518976318,1.161464871231596,0.9142278002826513,0.8373449101379027,0.9778611553863397,3.1448044845316017
8,2,3.460514583782086,8.611604168495447,1.3037200383717196,2.51886957398123,2.5549169428453458,0.8417936860995006,1.3998199757108578,0.20582154449935297
8,3,5.524289646903303,2.281269759354235,0.8718990318327366,2.554132145874645,0.6550308297205977,1.1794386947040973,0.1459399240615058,1.5603150025538404
8,4,8.741046329758754,5.4675903486692885,0.6409126817034764,1.8385421803479045,3.441757790580957,0.9529806399907552,3.592838730026942,3.2882779090547336
8,5,0.9643614861404795,5.042997940955478,1.6535920696353215,2.1957395223004825,1.3274799314938492,1.3284225900070543,1.6667123797986232,1.780655861826558
8,6,2.665395432082305,6.194621485197273,0.32434946346733534,1.4181454016321462,3.3238958173416178,1.867115477526759,2.375920815514777,2.699549841466738
8,7,16.011609322798783,3.0230142665024995,1.081100206865943,1.8163576152243817,0.9351109134553278,1.4630973189116983,1.7342779454990032,1.449073742880096
8,8,1.3233110080092938,5.36121381437733,0.5945906771691123,1.9902528841017018,1.061449196074626,0.4643210626847302,1.2509826955459213,0.8675921654337468
8,9,2.011931154013915,4.537461751589867,0.4606716052581237,1.8675463828674508,1.7186304441552218,0.8739880224036325,0.5491510013962331,3.7550976159354392
8,10,5.754745461855203,7.781960624219996,0.5498318643666906,3.2169147296100777,2.966195658819204,1.7539143933998784,3.68061226886288,3.704892047165391
8,11,5.756713353462238,5.915658370078674,0.3942363872150682,1.374787581889593,1.88895946717305,0.7421918565924273,1.2779645421132155,2.3831353138617803
8,12,5.5212746362640095,3.819178415564754,0.24954132108468283,2.3990066231586873,1.0783680432818188,1.6683541116414236,1.006101879088265,3.56004190942798
8,13,4.99660306913735,3.919298454703664,0.13173541102745864,1.1522198014941063,2.2840534215302384,1.2898284810243772,1.2875670337773006,2.7335381116064252
8,14,8.506147013575353,2.198280472165963,0.18569989424648195,1.6144315665192535,0.7440528340704827,1.2014429163442628,0.6677305805975107,3.8924114017158398
8,15,3.6371256323441017,3.644591950173663,0.23443663188691483,1.1166970922234367,1.063741389449771,1.0959402726435314,2.782529062984261,3.0194742468039433
8,16,2.9807962121930456,1.910396474429241,0.7758411917447685,0.8154870399029657,2.262572097364539,0.9432036805625634,2.0294431304114164,3.802892762423562
8,17,1.9607153392941694,3.016148123774921,0.22543161703253173,1.0758730660197589,2.735828225647447,1.1148985631525274,1.4602022824014362,3.9561576234450633
8,18,0.8212380319287149,2.8067719008402796,0.08776084532359213,1.1323080143636617,1.3133106503584884,0.9037480825127946,1.9796076625107437,0.7400874913863187
8,19,2.55962508892076,10.856795502754757,0.38251707476599534,0.8765284845055177,2.3427887535915697,0.9838390688836669,3.3702539701711247,1.9659784163411014
8,20,6.462384528740017,4.019127996869467,0.28243938803917695,0.9964753990437245,2.776695089235446,0.21199771589673216,0.6478438137140952,1.0458419744821734
9,0,3.555766586606048,3.897179715818673,1.0613212696473375,1.7789534705292704,0.7620773256898433,1.270468921564414,1.7840448852735857,3.469853644463308
9,1,5.506163339173918,2.06964753963886,0.46102426111491274,0.7609789856584693,0.5260560354856417,0.726609049979623,1.6445739115255713,1.5718044380279115
9,2,2.2209199344878727,5.347329537503162,0.3386111586454608,0.8178510878517269,2.73222326116621,1.9464666204228571,0.5723159632730845,3.4720051320055303
9,3,10.247889740378799,3.4067462193159925,0.3988854587141754,1.0446633490835597,0.9813641548942783,1.937477535995643,3.2940807232091602,2.9406795217831503
9,4,4.238343040146505,3.588055424080178,0.6161344972567517,1.1419983632584505,0.9682857457424574,0.23406246101607245,2.5462734474473403,3.8763169324987534
9,5,7.865653609235845,1.3735114525032615,0.44313549502356775,2.2762212232686396,2.27365323859897,0.4287829927266595,1.7817363726531523,3.239858740232363
9,6,2.5637910585020975,2.236208032170354,0.20577155677087774,1.4589399574669146,1.109041138905617,1.3296934901210278,1.5173319844488327,3.3502232865782786
9,7,1.1749376013192012,2.9610171530155744,0.32503995417385295,1.0598045231165956,0.6130365538365379,1.1631142727552113,3.1476294033375614,1.6884200538843968
9,8,14.843324890231104,4.019182950367454,0.6311428131841452,1.3427255449400881,1.5365899097965698,0.4446673777175718,0.21677972614139263,1.443970377916385
9,9,4.746451060800564,4.490966012774197,0.7596637114966267,1.1243001025419956,2.16169166495444,0.9639417229501281,1.4033418758136862,3.29989216620542
9,10,6.125206151047145,1.5336723197162818,0.2806203991999365,1.8644999489628205,2.1425581232030146,0.22647739921037296,2.506557561626755,1.94618123045694
9,11,9.383504098358818,4.268129497633435,0.34825069698518896,1.211744581132859,1.4464423531898252,0.7319908675536868,0.8790104072249063,2.774032362765132
9,12,3.016471112142895,2.3992244137364875,0.10928360159528362,1.8867888043007983,1.35986104604364,0.5626338667744956,2.7111622264750395,3.066718032955555
9,13,2.927408705893319,3.602254828945373,0.10737329143453817,0.8831367011350351,3.246050550704198,1.9298015294890902,2.4436910652177297,0.02325154812003616
9,14,4.896566110487428,2.401144097211271,0.48951851697817916,2.3345738133189458,2.8991983624210875,1.5720809833433567,0.19629894325194108,2.957036006381839
9,15,4.18124668707351,2.535389795155508,0.5048817920531634,1.0488685649439875,0.5068684889049866,0.33091712741651114,2.4125035741279572,2.2680750085565426
9,16,1.5848585137224462,4.187776780376682,0.24144716541132655,1.7554231086947771,1.5434179124903458,0.6171571766371735,1.9797945572367048,3.862853181566546
9,17,2.413670844334847,6.992942725477039,0.9282659043176192,1.6970106283652846,1.1119238080662495,0.476496961462593,2.4864187869713743,0.3765294509269772
9,18,8.835188989901203,8.577783401589423,0.8085811618558759,1.3003161516487112,2.9105502104520076,0.8169480464921433,0.984449929029783,0.6301962246420447
9,19,3.3489014208539967,3.6383061451509477,1.571914160422288,0.6702328684672827,1.560817435290124,0.30845486992571836,0.6837714137852569,0.14023295779541245
9,20,4.119181575646738,2.105558623595075,0.17260313534157365,1.0318421866477387,1.9723270531086277,1.2236999519409075,2.877979831727911,3.0185412679936063
