synthetic_par_ID,group_parameter_set_ID,recovered_a_mean,recovered_a_std,recovered_a_r_hat,recovered_t_mean,recovered_t_std,recovered_t_r_hat,recovered_v_diff_p_mean,recovered_v_diff_p_std,recovered_v_diff_p_r_hat,recovered_v_diff_x_mean,recovered_v_diff_x_std,recovered_v_diff_x_r_hat,recovered_v_diff_ev_mean,recovered_v_diff_ev_std,recovered_v_diff_ev_r_hat
0,0,3.012,0.162,1.0,1.184,0.096,1.0,0.528,0.172,1.0,1.379,0.169,1.0,3.453,0.386,1.0
1,0,2.218,0.121,1.0,1.392,0.063,1.0,2.574,0.283,1.0,0.827,0.209,1.0,1.815,0.453,1.0
2,0,3.298,0.128,1.0,0.427,0.108,1.0,1.671,0.168,1.0,0.365,0.118,1.0,1.14,0.261,1.0
3,0,1.417,0.074,1.0,0.581,0.029,1.0,2.503,0.36,1.0,1.713,0.292,1.0,2.437,0.625,1.0
4,0,2.122,0.106,1.0,0.454,0.059,1.0,2.043,0.28,1.0,1.198,0.233,1.0,1.733,0.469,1.0
5,0,1.46,0.074,1.0,1.908,0.034,1.0,1.25,0.336,1.0,2.117,0.309,1.0,2.603,0.589,1.0
6,0,2.105,0.122,1.0,1.793,0.038,1.0,3.067,0.34,1.0,3.871,0.336,1.0,3.303,0.594,1.0
7,0,2.811,0.143,1.0,0.334,0.098,1.0,1.151,0.175,1.0,0.364,0.134,1.0,2.212,0.327,1.0
8,0,1.377,0.076,1.0,1.204,0.028,1.0,3.692,0.384,1.0,2.067,0.309,1.0,0.794,0.484,1.0
9,0,2.753,0.147,1.0,1.592,0.106,1.0,0.39,0.171,1.0,1.247,0.169,1.0,2.707,0.36,1.0
10,0,2.801,0.169,1.0,0.81,0.078,1.0,2.219,0.216,1.0,3.575,0.258,1.0,0.383,0.261,1.0
11,0,1.41,0.066,1.0,0.724,0.036,1.0,0.702,0.289,1.0,1.355,0.27,1.0,2.456,0.537,1.0
12,0,2.328,0.128,1.0,0.262,0.062,1.0,1.743,0.209,1.0,0.317,0.151,1.0,2.932,0.401,1.0
13,0,3.021,0.187,1.0,1.073,0.069,1.0,0.288,0.175,1.0,2.721,0.219,1.0,3.479,0.382,1.0
14,0,3.029,0.182,1.0,0.672,0.061,1.0,3.777,0.296,1.0,1.916,0.202,1.0,1.826,0.411,1.0
15,0,2.789,0.169,1.0,1.496,0.057,1.0,2.773,0.279,1.0,1.479,0.204,1.0,4.066,0.506,1.0
16,0,3.362,0.108,1.0,1.043,0.055,1.0,2.347,0.183,1.0,0.16,0.105,1.0,4.01,0.36,1.0
17,0,1.498,0.075,1.0,1.316,0.028,1.0,2.182,0.376,1.0,3.022,0.362,1.0,2.39,0.641,1.0
18,0,1.654,0.094,1.0,0.51,0.044,1.0,0.317,0.213,1.0,2.299,0.236,1.0,1.129,0.371,1.0
19,0,3.024,0.189,1.0,0.564,0.059,1.0,1.143,0.215,1.0,3.778,0.282,1.0,3.307,0.43,1.0
20,0,2.959,0.169,1.0,1.201,0.082,1.0,1.681,0.204,1.0,0.403,0.149,1.0,3.021,0.387,1.0
0,1,2.132,0.126,1.0,0.728,0.052,1.0,2.424,0.27,1.0,0.484,0.194,1.0,2.287,0.427,1.0
1,1,2.348,0.124,1.0,1.287,0.07,1.0,1.005,0.234,1.0,1.817,0.227,1.0,2.623,0.451,1.0
2,1,2.14,0.11,1.0,0.988,0.081,1.0,1.336,0.208,1.0,1.769,0.202,1.0,0.539,0.318,1.0
3,1,2.79,0.161,1.0,0.425,0.053,1.0,3.412,0.305,1.0,2.567,0.245,1.0,3.231,0.505,1.0
4,1,2.794,0.184,1.0,1.11,0.073,1.0,0.954,0.235,1.0,3.091,0.268,1.0,2.136,0.4,1.0
5,1,3.116,0.167,1.0,1.032,0.087,1.0,0.81,0.186,1.0,1.867,0.189,1.0,3.289,0.392,1.0
6,1,0.739,0.036,1.0,1.674,0.011,1.0,1.343,0.506,1.0,3.946,0.516,1.0,1.504,0.78,1.0
7,1,0.573,0.023,1.0,1.914,0.007,1.0,1.425,0.463,1.0,0.441,0.321,1.0,3.062,0.889,1.0
8,1,0.853,0.042,1.0,1.774,0.012,1.0,1.964,0.538,1.0,3.05,0.487,1.0,4.143,0.955,1.0
9,1,2.021,0.095,1.0,1.337,0.095,1.0,0.649,0.213,1.0,0.664,0.183,1.0,1.021,0.346,1.0
10,1,3.283,0.144,1.0,1.753,0.079,1.0,1.581,0.182,1.0,3.779,0.257,1.0,0.337,0.225,1.0
11,1,1.901,0.094,1.0,0.874,0.044,1.0,0.757,0.254,1.0,1.397,0.235,1.0,4.589,0.555,1.0
12,1,2.915,0.173,1.0,0.715,0.083,1.0,0.21,0.144,1.0,1.784,0.163,1.0,3.256,0.342,1.0
13,1,2.996,0.176,1.0,1.68,0.115,1.0,1.878,0.216,1.0,2.545,0.227,1.0,0.619,0.319,1.0
14,1,0.889,0.046,1.0,1.784,0.013,1.0,4.289,0.497,1.0,1.276,0.368,1.0,1.453,0.733,1.0
15,1,2.081,0.115,1.0,1.191,0.044,1.0,3.171,0.338,1.0,2.902,0.293,1.0,2.336,0.549,1.0
16,1,2.026,0.097,1.0,0.883,0.067,1.0,1.387,0.201,1.0,0.314,0.152,1.0,0.892,0.327,1.0
17,1,2.242,0.123,1.0,1.133,0.072,1.0,0.203,0.143,1.0,1.476,0.162,1.0,2.859,0.346,1.0
18,1,2.753,0.159,1.0,0.41,0.053,1.0,3.729,0.31,1.0,3.252,0.272,1.0,2.577,0.47,1.0
19,1,2.613,0.179,1.0,1.894,0.061,1.0,0.283,0.19,1.0,3.043,0.24,1.0,2.071,0.355,1.0
20,1,1.994,0.101,1.0,0.656,0.072,1.0,0.432,0.187,1.0,1.59,0.19,1.0,0.519,0.291,1.0
0,2,1.127,0.056,1.0,0.793,0.021,1.0,0.783,0.384,1.0,2.693,0.371,1.0,3.153,0.656,1.0
1,2,2.406,0.136,1.0,0.427,0.077,1.0,0.82,0.201,1.0,2.357,0.224,1.0,0.588,0.304,1.0
2,2,3.274,0.147,1.0,0.658,0.053,1.0,3.392,0.281,1.0,3.427,0.262,1.0,2.769,0.468,1.0
3,2,3.058,0.141,1.0,0.631,0.163,1.0,0.892,0.16,1.0,0.699,0.138,1.0,0.678,0.257,1.0
4,2,2.48,0.161,1.0,1.574,0.061,1.0,2.141,0.299,1.0,3.495,0.309,1.0,1.786,0.478,1.0
5,2,3.312,0.131,1.0,1.093,0.08,1.0,3.196,0.245,1.0,2.672,0.21,1.0,0.667,0.32,1.0
6,2,2.905,0.174,1.0,0.563,0.058,1.0,3.33,0.299,1.0,2.999,0.267,1.0,2.115,0.456,1.0
7,2,3.013,0.165,1.0,0.926,0.134,1.0,1.266,0.173,1.0,0.257,0.132,1.0,1.175,0.281,1.0
8,2,3.097,0.172,1.0,0.686,0.066,1.0,1.557,0.22,1.0,2.792,0.238,1.0,3.729,0.437,1.0
9,2,1.74,0.092,1.0,1.09,0.046,1.0,2.525,0.327,1.0,2.034,0.272,1.0,1.442,0.531,1.0
10,2,2.481,0.133,1.0,1.836,0.089,1.0,0.728,0.213,1.0,0.558,0.178,1.0,3.436,0.441,1.0
11,2,1.843,0.102,1.0,0.978,0.044,1.0,2.5,0.321,1.0,2.072,0.275,1.0,2.361,0.535,1.0
12,2,0.687,0.027,1.0,0.684,0.01,1.0,0.282,0.213,1.0,1.414,0.274,1.0,0.517,0.377,1.0
13,2,3.021,0.186,1.0,0.35,0.046,1.0,4.174,0.339,1.0,2.904,0.264,1.0,3.432,0.512,1.0
14,2,0.963,0.045,1.0,1.111,0.018,1.0,2.178,0.437,1.0,2.121,0.384,1.0,1.967,0.74,1.0
15,2,1.876,0.112,1.0,1.134,0.025,1.0,4.108,0.37,1.0,0.674,0.24,1.0,4.081,0.57,1.0
16,2,1.38,0.077,1.0,1.779,0.028,1.0,2.972,0.309,1.0,0.312,0.2,1.0,1.386,0.454,1.0
17,2,1.016,0.045,1.0,1.915,0.02,1.0,2.437,0.343,1.0,1.469,0.289,1.0,0.57,0.416,1.0
18,2,1.18,0.054,1.0,1.578,0.026,1.0,0.252,0.198,1.0,0.839,0.203,1.0,4.18,0.53,1.0
19,2,2.805,0.169,1.0,0.954,0.048,1.0,4.292,0.338,1.0,3.031,0.266,1.0,2.748,0.496,1.0
20,2,2.814,0.168,1.0,1.208,0.048,1.0,3.705,0.311,1.0,1.099,0.205,1.0,3.452,0.464,1.0
0,3,0.739,0.035,1.0,1.693,0.011,1.0,0.347,0.26,1.0,2.99,0.335,1.0,0.838,0.465,1.0
1,3,2.124,0.098,1.0,0.549,0.085,1.0,0.346,0.183,1.0,0.696,0.165,1.0,1.98,0.338,1.0
2,3,3.381,0.102,1.0,1.722,0.056,1.0,0.193,0.144,1.0,3.665,0.224,1.0,1.388,0.254,1.0
3,3,3.184,0.167,1.0,1.778,0.129,1.0,0.361,0.157,1.0,2.172,0.189,1.0,0.335,0.21,1.0
4,3,1.802,0.098,1.0,1.585,0.047,1.0,2.788,0.31,1.0,0.702,0.227,1.0,1.165,0.432,1.0
5,3,2.911,0.158,1.0,1.236,0.096,1.0,1.426,0.217,1.0,2.012,0.212,1.0,1.941,0.384,1.0
6,3,2.654,0.171,1.0,1.352,0.062,1.0,1.487,0.257,1.0,3.196,0.286,1.0,2.956,0.468,1.0
7,3,0.891,0.038,1.0,1.098,0.018,1.0,0.716,0.334,1.0,0.536,0.292,1.0,2.177,0.621,1.0
8,3,3.323,0.12,1.0,1.284,0.116,1.0,1.545,0.181,1.0,1.128,0.154,1.0,1.592,0.316,1.0
9,3,2.802,0.144,1.0,0.232,0.098,1.0,0.967,0.15,1.0,1.781,0.165,1.0,0.242,0.183,1.0
10,3,2.042,0.116,1.0,0.772,0.036,1.0,3.325,0.272,1.0,0.236,0.156,1.0,2.236,0.381,1.0
11,3,3.22,0.16,1.0,0.55,0.049,1.0,3.508,0.27,1.0,1.145,0.167,1.0,3.982,0.445,1.0
12,3,2.158,0.104,1.0,0.758,0.09,1.0,1.088,0.212,1.0,1.215,0.193,1.0,0.734,0.337,1.0
13,3,1.055,0.051,1.0,0.637,0.02,1.0,2.749,0.328,1.0,3.471,0.332,1.0,0.352,0.303,1.0
14,3,1.852,0.083,1.0,0.901,0.084,1.0,0.763,0.15,1.0,0.939,0.146,1.0,0.171,0.148,1.0
15,3,0.806,0.035,1.0,0.505,0.012,1.0,2.26,0.475,1.0,0.924,0.383,1.0,1.864,0.749,1.0
16,3,0.706,0.031,1.0,0.861,0.01,1.0,1.376,0.516,1.0,2.717,0.489,1.0,1.477,0.776,1.0
17,3,2.129,0.124,1.0,0.733,0.051,1.0,1.56,0.268,1.0,3.119,0.286,1.0,2.313,0.467,1.0
18,3,2.6,0.133,1.0,0.152,0.078,1.0,0.599,0.156,1.0,1.862,0.173,1.0,0.376,0.222,1.0
19,3,1.785,0.1,1.0,1.927,0.027,1.0,3.649,0.4,1.0,2.769,0.332,1.0,4.768,0.718,1.0
20,3,2.541,0.154,1.0,1.55,0.083,1.0,2.742,0.261,1.0,2.221,0.226,1.0,0.547,0.333,1.0
0,4,3.307,0.135,1.0,1.392,0.065,1.0,1.096,0.211,1.0,2.806,0.228,1.0,3.981,0.431,1.0
1,4,3.287,0.142,1.0,1.203,0.067,1.0,3.293,0.237,1.0,0.514,0.138,1.0,0.748,0.301,1.0
2,4,3.381,0.096,1.0,1.845,0.098,1.0,1.573,0.158,1.0,0.186,0.109,1.0,2.507,0.301,1.0
3,4,1.737,0.092,1.0,1.175,0.039,1.0,3.103,0.345,1.0,3.386,0.333,1.0,1.179,0.527,1.0
4,4,3.149,0.153,1.0,0.654,0.132,1.0,1.13,0.169,1.0,1.492,0.167,1.0,0.621,0.282,1.0
5,4,2.991,0.156,1.0,0.676,0.107,1.0,0.854,0.19,1.0,1.374,0.174,1.0,2.29,0.363,1.0
6,4,1.72,0.072,1.0,1.057,0.064,1.0,0.26,0.17,1.0,0.639,0.155,1.0,0.785,0.298,1.0
7,4,2.797,0.158,1.0,1.309,0.107,1.0,1.747,0.221,1.0,1.324,0.189,1.0,1.761,0.393,1.0
8,4,1.45,0.079,1.0,1.265,0.03,1.0,1.04,0.317,1.0,3.366,0.335,1.0,0.662,0.411,1.0
9,4,2.558,0.145,1.0,1.847,0.052,1.0,3.168,0.303,1.0,2.962,0.273,1.0,3.231,0.53,1.0
10,4,0.702,0.032,1.0,1.605,0.008,1.0,3.497,0.595,1.0,1.231,0.469,1.0,2.951,0.946,1.0
11,4,1.955,0.106,1.0,1.321,0.06,1.0,2.698,0.247,1.0,2.308,0.222,1.0,0.322,0.251,1.0
12,4,3.195,0.173,1.0,1.651,0.106,1.0,0.647,0.199,1.0,2.584,0.23,1.0,0.528,0.279,1.0
13,4,2.377,0.139,1.0,1.122,0.044,1.0,3.308,0.301,1.0,0.52,0.192,1.0,2.421,0.435,1.0
14,4,1.568,0.099,1.0,0.596,0.029,1.0,0.376,0.24,1.0,3.903,0.311,1.0,0.77,0.371,1.0
15,4,3.38,0.092,1.0,0.661,0.154,1.0,0.668,0.141,1.0,1.124,0.134,1.0,0.533,0.227,1.0
16,4,3.313,0.123,1.0,1.305,0.107,1.0,0.995,0.113,1.0,0.091,0.07,1.0,2.905,0.279,1.0
17,4,0.794,0.033,1.0,0.675,0.014,1.0,1.33,0.413,1.0,1.52,0.391,1.0,1.158,0.653,1.0
18,4,3.398,0.085,1.0,0.921,0.085,1.0,2.776,0.215,1.0,1.96,0.171,1.0,0.916,0.312,1.0
19,4,1.905,0.086,1.0,0.388,0.062,1.0,1.069,0.243,1.0,0.97,0.217,1.0,1.373,0.405,1.0
20,4,2.471,0.153,1.0,0.736,0.076,1.0,0.18,0.139,1.0,2.33,0.182,1.0,1.069,0.248,1.0
0,5,1.955,0.101,1.0,1.079,0.059,1.0,1.758,0.247,1.0,0.542,0.186,1.0,1.379,0.404,1.0
1,5,1.266,0.071,1.0,1.574,0.023,1.0,1.998,0.381,1.0,3.902,0.393,1.0,1.281,0.597,1.0
2,5,1.863,0.117,1.0,1.441,0.044,1.0,1.037,0.333,1.0,3.342,0.34,1.0,1.253,0.501,1.0
3,5,3.387,0.09,1.0,1.574,0.075,1.0,1.382,0.181,1.0,1.188,0.158,1.0,3.897,0.43,1.0
4,5,3.333,0.12,1.0,1.419,0.083,1.0,1.805,0.144,1.0,0.096,0.073,1.0,2.671,0.274,1.0
5,5,1.325,0.798,2.75,0.484,0.042,2.28,4.259,3.645,2.12,1.821,0.489,1.49,1.594,0.77,2.02
6,5,1.755,0.09,1.0,0.968,0.046,1.0,1.863,0.296,1.0,2.052,0.272,1.0,2.062,0.512,1.0
7,5,3.026,0.177,1.0,0.776,0.058,1.0,3.743,0.318,1.0,2.973,0.27,1.0,2.658,0.489,1.0
8,5,0.726,0.032,1.0,0.352,0.009,1.0,1.955,0.558,1.0,3.13,0.522,1.0,2.097,0.887,1.0
9,5,2.114,0.129,1.0,0.961,0.051,1.0,1.501,0.274,1.0,3.145,0.29,1.0,2.091,0.48,1.0
10,5,2.151,0.129,1.0,0.643,0.041,1.0,3.03,0.338,1.0,4.443,0.355,1.0,1.374,0.505,1.0
11,5,2.158,0.109,1.0,1.032,0.076,1.0,1.006,0.222,1.0,0.673,0.187,1.0,2.612,0.428,1.0
12,5,1.084,0.057,1.0,0.926,0.018,1.0,2.749,0.36,1.0,0.388,0.246,1.0,3.347,0.639,1.0
13,5,2.64,0.167,1.0,0.684,0.048,1.0,4.097,0.34,1.0,2.444,0.252,1.0,2.478,0.473,1.0
14,5,3.154,0.161,1.0,0.31,0.058,1.0,1.835,0.235,1.0,2.412,0.231,1.0,3.991,0.475,1.0
15,5,3.364,0.108,1.0,1.864,0.071,1.0,3.218,0.262,1.0,3.555,0.258,1.0,1.05,0.395,1.0
16,5,0.81,0.036,1.0,1.515,0.013,1.0,2.055,0.506,1.0,2.304,0.47,1.0,2.442,0.853,1.0
17,5,1.293,0.067,1.0,1.225,0.022,1.0,2.981,0.426,1.0,3.869,0.415,1.0,2.825,0.74,1.0
18,5,2.85,0.162,1.0,0.333,0.066,1.0,2.551,0.252,1.0,2.39,0.222,1.0,2.376,0.423,1.0
19,5,1.313,0.069,1.0,0.29,0.022,1.0,2.144,0.406,1.0,3.281,0.396,1.0,3.786,0.732,1.0
20,5,1.477,0.067,1.0,1.466,0.042,1.0,0.626,0.282,1.0,0.658,0.246,1.0,3.189,0.523,1.0
0,6,3.263,0.15,1.0,1.387,0.067,1.0,1.667,0.215,1.0,3.112,0.239,1.0,2.596,0.396,1.0
1,6,1.829,0.097,1.0,0.426,0.056,1.0,1.084,0.214,1.0,2.263,0.225,1.0,0.437,0.299,1.0
2,6,2.305,0.136,1.0,0.628,0.042,1.0,3.216,0.314,1.0,2.345,0.252,1.0,3.748,0.535,1.0
3,6,1.049,0.049,1.0,1.72,0.021,1.0,1.842,0.409,1.0,2.11,0.356,1.0,1.374,0.632,1.0
4,6,0.996,0.044,1.0,0.657,0.019,1.0,0.243,0.203,1.0,1.421,0.23,1.0,2.584,0.511,1.0
5,6,3.325,0.117,1.0,1.328,0.138,1.0,0.451,0.143,1.0,0.633,0.127,1.0,2.464,0.316,1.0
6,6,1.13,0.065,1.0,0.855,0.015,1.0,0.832,0.415,1.0,4.219,0.436,1.0,3.496,0.744,1.0
7,6,1.467,0.084,1.0,0.778,0.025,1.0,3.44,0.373,1.0,0.551,0.252,1.0,3.042,0.592,1.0
8,6,2.215,0.134,1.0,1.848,0.042,1.0,3.228,0.331,1.0,2.324,0.264,1.0,3.663,0.589,1.0
9,6,1.779,0.098,1.0,0.783,0.043,1.0,2.532,0.234,1.0,0.213,0.143,1.0,1.101,0.384,1.0
10,6,1.058,0.047,1.0,1.241,0.026,1.0,1.592,0.255,1.0,0.276,0.184,1.0,0.732,0.391,1.0
11,6,1.084,0.058,1.0,1.841,0.02,1.0,0.684,0.359,1.0,2.69,0.359,1.0,3.432,0.674,1.0
12,6,1.475,0.179,1.59,0.48,0.086,1.57,2.292,0.642,1.53,2.054,0.37,1.24,3.149,0.601,1.24
13,6,1.182,0.06,1.0,1.269,0.018,1.0,3.806,0.447,1.0,1.975,0.378,1.0,3.181,0.747,1.0
14,6,1.348,0.059,1.59,0.574,0.126,1.53,2.556,0.323,1.56,2.787,1.413,1.53,2.215,0.555,1.28
15,6,1.324,0.053,1.0,0.37,0.039,1.0,0.249,0.183,1.0,0.412,0.176,1.0,1.21,0.366,1.0
16,6,1.447,0.068,1.0,1.279,0.036,1.0,1.158,0.299,1.0,1.252,0.265,1.0,2.537,0.543,1.0
17,6,3.331,0.12,1.0,1.76,0.097,1.0,1.731,0.197,1.0,1.202,0.162,1.0,2.696,0.381,1.0
18,6,2.548,0.137,1.0,0.211,0.059,1.0,1.898,0.25,1.0,2.264,0.233,1.0,3.07,0.462,1.0
19,6,2.077,0.117,1.0,0.553,0.042,1.0,2.323,0.308,1.0,2.61,0.285,1.0,3.18,0.549,1.0
20,6,2.863,0.168,1.0,1.064,0.057,1.0,3.324,0.299,1.0,3.295,0.278,1.0,1.781,0.456,1.0
0,7,0.725,0.032,1.0,1.0,0.01,1.0,1.069,0.492,1.0,2.579,0.466,1.0,1.695,0.784,1.0
1,7,2.437,0.141,1.0,0.779,0.065,1.0,3.054,0.235,1.0,0.717,0.137,1.0,0.264,0.201,1.0
2,7,3.352,0.115,1.0,1.88,0.057,1.0,3.764,0.281,1.0,1.976,0.196,1.0,2.714,0.446,1.0
3,7,0.598,0.027,1.0,0.738,0.008,1.0,0.452,0.354,1.0,2.97,0.404,1.0,2.854,0.765,1.0
4,7,2.374,0.108,1.0,0.392,0.095,1.0,1.139,0.161,1.0,0.22,0.117,1.0,0.561,0.253,1.0
5,7,1.537,0.087,1.0,1.051,0.026,1.0,3.57,0.387,1.0,0.632,0.269,1.0,2.952,0.603,1.0
6,7,3.272,0.138,1.0,1.782,0.096,1.0,2.027,0.221,1.0,2.245,0.207,1.0,1.901,0.379,1.0
7,7,2.88,0.184,1.0,0.663,0.071,1.0,0.282,0.167,1.0,2.484,0.208,1.0,3.143,0.369,1.0
8,7,2.627,0.174,1.0,1.303,0.049,1.0,1.64,0.283,1.0,4.117,0.335,1.0,3.038,0.498,1.0
9,7,2.072,0.096,1.0,0.792,0.068,1.0,0.344,0.188,1.0,0.57,0.168,1.0,3.145,0.405,1.0
10,7,2.055,0.121,1.0,1.188,0.053,1.0,0.183,0.148,1.0,2.448,0.201,1.0,1.869,0.318,1.0
11,7,1.604,0.097,1.0,0.581,0.032,1.0,0.281,0.212,1.0,3.22,0.267,1.0,1.618,0.385,1.0
12,7,3.204,0.165,1.0,1.356,0.073,1.0,2.586,0.256,1.0,3.918,0.287,1.0,0.993,0.393,1.0
13,7,1.707,0.103,1.0,1.552,0.035,1.0,3.641,0.366,1.0,1.739,0.273,1.0,2.157,0.58,1.0
14,7,2.663,0.172,1.0,0.444,0.062,1.0,1.518,0.221,1.0,3.968,0.296,1.0,0.422,0.29,1.0
15,7,1.15,0.054,1.0,0.841,0.023,1.0,2.965,0.346,1.0,2.304,0.306,1.0,0.491,0.379,1.0
16,7,2.11,0.122,1.0,1.6,0.059,1.0,1.255,0.267,1.0,2.394,0.263,1.0,2.729,0.489,1.0
17,7,2.858,0.174,1.0,1.812,0.106,1.0,2.462,0.234,1.0,1.542,0.182,1.0,1.186,0.35,1.0
18,7,0.773,0.039,1.0,1.89,0.01,1.0,3.346,0.595,1.0,4.215,0.57,1.0,2.94,0.981,1.0
19,7,1.077,0.048,1.0,0.754,0.022,1.0,1.957,0.337,1.0,0.556,0.267,1.0,0.942,0.501,1.0
20,7,1.48,0.082,1.0,1.357,0.036,1.0,0.526,0.301,1.0,2.712,0.299,1.0,1.249,0.457,1.0
0,8,1.369,0.074,1.0,1.449,0.034,1.0,0.914,0.339,1.0,2.427,0.325,1.0,1.15,0.518,1.0
1,8,2.056,0.111,1.0,0.46,0.046,1.0,2.738,0.293,1.0,1.302,0.224,1.0,2.528,0.475,1.0
2,8,2.649,0.154,1.0,1.391,0.122,1.0,2.096,0.189,1.0,1.667,0.17,1.0,0.297,0.218,1.0
3,8,0.723,0.031,1.0,1.451,0.01,1.0,1.903,0.544,1.0,2.373,0.498,1.0,2.012,0.884,1.0
4,8,1.643,0.085,1.0,0.319,0.033,1.0,0.967,0.312,1.0,2.612,0.311,1.0,3.531,0.596,1.0
5,8,1.305,0.066,1.0,0.749,0.028,1.0,2.212,0.349,1.0,2.824,0.337,1.0,1.007,0.526,1.0
6,8,3.03,0.167,1.0,0.505,0.123,1.0,0.67,0.157,1.0,1.804,0.173,1.0,0.393,0.226,1.0
7,8,0.855,0.034,1.0,0.695,0.016,1.0,0.901,0.367,1.0,1.373,0.35,1.0,0.827,0.517,1.0
8,8,0.652,0.026,1.0,0.661,0.009,1.0,1.19,0.345,1.0,0.358,0.25,1.0,0.756,0.495,1.0
9,8,3.206,0.158,1.0,0.521,0.077,1.0,2.126,0.22,1.0,1.373,0.171,1.0,2.454,0.387,1.0
10,8,1.297,0.068,1.0,1.61,0.023,1.0,3.339,0.421,1.0,1.6,0.328,1.0,2.362,0.696,1.0
11,8,0.72,0.033,1.0,1.792,0.01,1.0,3.326,0.512,1.0,2.483,0.449,1.0,0.951,0.66,1.0
12,8,2.664,0.142,1.0,0.323,0.092,1.0,0.644,0.161,1.0,2.025,0.186,1.0,0.344,0.222,1.0
13,8,2.214,0.148,1.0,1.347,0.051,1.0,0.5,0.268,1.0,3.581,0.309,1.0,1.664,0.422,1.0
14,8,1.176,0.056,1.0,1.488,0.025,1.0,1.871,0.415,1.0,2.535,0.377,1.0,1.364,0.635,1.0
15,8,1.696,0.09,1.0,1.477,0.055,1.0,0.876,0.288,1.0,1.762,0.263,1.0,1.526,0.471,1.0
16,8,0.778,0.033,1.0,1.732,0.012,1.0,1.843,0.493,1.0,1.846,0.431,1.0,1.97,0.815,1.0
17,8,0.518,0.014,1.0,1.181,0.005,1.0,3.563,0.457,1.0,0.382,0.277,1.0,0.938,0.638,1.0
18,8,2.13,0.111,1.0,0.734,0.069,1.0,2.359,0.232,1.0,1.054,0.17,1.0,0.398,0.274,1.0
19,8,1.82,0.113,1.0,0.292,0.034,1.0,0.906,0.337,1.0,3.342,0.345,1.0,3.936,0.603,1.0
20,8,2.716,0.154,1.0,1.348,0.07,1.0,2.185,0.251,1.0,2.378,0.242,1.0,2.407,0.447,1.0
0,9,2.158,0.12,1.0,1.714,0.088,1.0,2.007,0.24,1.0,1.522,0.203,1.0,0.656,0.355,1.0
1,9,3.025,0.172,1.0,0.476,0.119,1.0,0.163,0.12,1.0,1.558,0.14,1.0,0.814,0.223,1.0
2,9,1.174,0.053,1.0,1.828,0.031,1.0,0.102,0.088,1.0,1.321,0.157,1.0,0.188,0.155,1.0
3,9,2.584,0.151,1.0,1.88,0.076,1.0,2.752,0.269,1.0,2.799,0.246,1.0,0.7,0.371,1.0
4,9,1.818,0.112,1.0,1.963,0.038,1.0,1.199,0.333,1.0,3.453,0.348,1.0,3.219,0.576,1.0
5,9,1.692,0.092,1.0,0.622,0.037,1.0,3.7,0.341,1.0,3.531,0.313,1.0,0.633,0.429,1.0
6,9,2.939,0.187,1.0,0.655,0.063,1.0,4.166,0.313,1.0,1.89,0.211,1.0,1.033,0.379,1.0
7,9,0.641,0.028,1.0,1.827,0.009,1.0,2.897,0.527,1.0,1.858,0.45,1.0,1.082,0.714,1.0
8,9,2.521,0.161,1.0,1.674,0.053,1.0,1.69,0.262,1.0,3.457,0.298,1.0,3.398,0.503,1.0
9,9,0.957,0.046,1.0,1.412,0.017,1.0,1.067,0.404,1.0,3.052,0.404,1.0,1.947,0.696,1.0
10,9,1.027,0.052,1.0,0.26,0.015,1.0,3.416,0.503,1.0,2.832,0.424,1.0,3.748,0.837,1.0
11,9,3.254,0.153,1.0,1.808,0.109,1.0,1.917,0.21,1.0,2.691,0.225,1.0,0.475,0.283,1.0
12,9,2.173,0.131,1.0,1.67,0.051,1.0,3.118,0.307,1.0,3.981,0.32,1.0,0.721,0.417,1.0
13,9,2.349,0.132,1.0,1.662,0.046,1.0,2.941,0.304,1.0,1.384,0.225,1.0,3.349,0.517,1.0
14,9,3.389,0.091,1.0,1.682,0.114,1.0,1.953,0.17,1.0,0.419,0.11,1.0,0.454,0.238,1.0
15,9,2.099,0.125,1.0,1.314,0.044,1.0,2.338,0.328,1.0,3.93,0.345,1.0,1.519,0.504,1.0
16,9,3.018,0.183,1.0,0.666,0.045,1.0,3.327,0.305,1.0,2.72,0.26,1.0,4.013,0.505,1.0
17,9,1.987,0.107,1.0,0.52,0.045,1.0,2.249,0.297,1.0,2.404,0.275,1.0,2.116,0.495,1.0
18,9,1.973,0.103,1.0,0.891,0.061,1.0,0.275,0.188,1.0,1.542,0.19,1.0,2.489,0.384,1.0
19,9,3.219,0.146,1.0,1.607,0.097,1.0,1.24,0.186,1.0,1.139,0.158,1.0,2.929,0.375,1.0
20,9,3.306,0.136,1.0,1.816,0.101,1.0,2.464,0.226,1.0,2.828,0.229,1.0,0.574,0.314,1.0
0,10,2.151,0.105,1.0,0.568,0.065,1.0,0.664,0.213,1.0,0.355,0.166,1.0,3.551,0.451,1.0
1,10,2.737,0.162,1.0,0.235,0.066,1.0,3.651,0.277,1.0,2.463,0.21,1.0,0.4,0.282,1.0
2,10,2.831,0.176,1.0,0.846,0.077,1.0,3.155,0.235,1.0,0.627,0.124,1.0,0.305,0.213,1.0
3,10,3.121,0.176,1.0,0.57,0.06,1.0,2.342,0.242,1.0,4.044,0.288,1.0,2.037,0.4,1.0
4,10,1.983,0.121,1.0,1.273,0.048,1.0,0.595,0.248,1.0,3.494,0.295,1.0,0.529,0.33,1.0
5,10,1.625,0.255,1.58,0.54,0.075,1.53,0.906,1.105,1.54,3.391,0.577,1.53,2.84,0.652,1.57
6,10,3.191,0.168,1.0,0.411,0.056,1.0,2.965,0.246,1.0,0.664,0.153,1.0,3.57,0.409,1.0
7,10,1.088,0.051,1.0,1.938,0.018,1.0,2.639,0.428,1.0,1.304,0.36,1.0,2.821,0.706,1.0
8,10,2.278,0.133,1.0,0.915,0.06,1.0,2.805,0.24,1.0,0.303,0.148,1.0,0.43,0.274,1.0
9,10,3.392,0.084,1.0,1.036,0.178,1.0,0.179,0.112,1.0,0.608,0.103,1.0,1.245,0.222,1.0
10,10,2.722,0.161,1.0,1.154,0.051,1.0,3.223,0.305,1.0,4.037,0.315,1.0,2.031,0.481,1.0
11,10,1.593,0.074,1.0,1.541,0.044,1.0,0.841,0.233,1.0,0.338,0.193,1.0,2.946,0.473,1.0
12,10,1.567,0.084,1.0,0.816,0.029,1.0,2.403,0.356,1.0,3.288,0.353,1.0,2.586,0.627,1.0
13,10,1.374,0.075,1.0,0.294,0.024,1.0,3.831,0.36,1.0,0.485,0.223,1.0,0.938,0.472,1.0
14,10,2.724,0.151,1.0,0.206,0.073,1.0,1.931,0.232,1.0,1.619,0.198,1.0,2.327,0.406,1.0
15,10,1.819,0.106,1.0,0.316,0.041,1.0,0.991,0.289,1.0,3.124,0.308,1.0,0.978,0.443,1.0
16,10,1.5,0.08,1.0,0.717,0.033,1.0,3.542,0.37,1.0,1.956,0.295,1.0,1.134,0.519,1.0
17,10,1.506,0.077,1.0,1.664,0.04,1.0,1.699,0.328,1.0,2.013,0.294,1.0,1.608,0.553,1.0
18,10,3.034,0.179,1.0,1.862,0.069,1.0,3.322,0.296,1.0,3.287,0.271,1.0,1.861,0.441,1.0
19,10,2.38,0.137,1.0,1.695,0.061,1.0,2.539,0.28,1.0,3.33,0.286,1.0,1.045,0.436,1.0
20,10,2.603,0.151,1.0,0.334,0.051,1.0,2.4,0.232,1.0,0.272,0.147,1.0,4.014,0.445,1.0
0,11,0.965,0.05,1.0,1.138,0.014,1.0,3.354,0.461,1.0,0.673,0.333,1.0,3.643,0.777,1.0
1,11,0.726,0.032,1.0,1.229,0.01,1.0,2.391,0.574,1.0,1.757,0.493,1.0,2.378,0.895,1.0
2,11,1.382,0.071,1.0,1.263,0.022,1.0,3.202,0.416,1.0,1.649,0.323,1.0,4.029,0.71,1.0
3,11,1.527,0.088,1.0,1.371,0.029,1.0,3.412,0.405,1.0,3.638,0.373,1.0,2.03,0.662,1.0
4,11,1.321,0.07,1.0,0.545,0.026,1.0,2.629,0.282,1.0,0.237,0.178,1.0,2.236,0.475,1.0
5,11,2.061,0.104,1.0,1.403,0.1,1.0,0.098,0.085,1.0,0.941,0.112,1.0,1.286,0.232,1.0
6,11,1.381,0.749,1.59,0.543,0.086,1.53,2.241,0.416,1.31,2.55,2.305,1.54,0.872,0.64,1.48
7,11,2.955,0.18,1.0,0.69,0.062,1.0,3.681,0.295,1.0,1.791,0.206,1.0,2.119,0.409,1.0
8,11,1.821,0.109,1.0,1.5,0.03,1.0,3.656,0.394,1.0,2.917,0.331,1.0,3.604,0.673,1.0
9,11,1.079,0.05,1.0,1.719,0.021,1.0,2.028,0.409,1.0,0.974,0.339,1.0,1.862,0.646,1.0
10,11,2.313,0.136,1.0,1.022,0.049,1.0,3.365,0.319,1.0,1.976,0.241,1.0,2.521,0.496,1.0
11,11,1.63,0.083,1.0,1.472,0.041,1.0,1.848,0.303,1.0,1.691,0.259,1.0,2.251,0.538,1.0
12,11,1.842,0.107,1.0,0.844,0.033,1.0,3.576,0.368,1.0,1.435,0.277,1.0,2.15,0.545,1.0
13,11,3.105,0.191,1.0,1.756,0.052,1.0,3.811,0.3,1.0,0.843,0.173,1.0,3.228,0.423,1.0
14,11,2.479,0.168,1.0,1.645,0.062,1.0,0.379,0.239,1.0,3.249,0.278,1.0,1.291,0.384,1.0
15,11,1.111,0.06,1.0,0.828,0.019,1.0,0.232,0.188,1.0,3.256,0.273,1.0,0.93,0.39,1.0
16,11,2.008,0.125,1.0,0.912,0.053,1.0,0.817,0.256,1.0,3.016,0.278,1.0,1.227,0.408,1.0
17,11,2.012,0.113,1.0,0.329,0.039,1.0,3.487,0.355,1.0,3.818,0.337,1.0,0.996,0.498,1.0
18,11,2.421,0.126,1.0,0.709,0.063,1.0,1.475,0.244,1.0,1.256,0.206,1.0,2.903,0.457,1.0
19,11,1.724,0.083,1.0,1.407,0.048,1.0,0.53,0.233,1.0,0.814,0.204,1.0,3.407,0.481,1.0
20,11,1.645,0.093,1.0,0.302,0.034,1.0,3.716,0.359,1.0,2.123,0.293,1.0,1.349,0.523,1.0
0,12,3.197,0.159,1.0,1.218,0.088,1.0,2.178,0.214,1.0,1.433,0.167,1.0,2.569,0.379,1.0
1,12,3.307,0.139,1.0,0.668,0.063,1.0,3.391,0.244,1.0,0.333,0.141,1.0,1.158,0.302,1.0
2,12,1.576,0.09,1.0,1.619,0.034,1.0,1.331,0.347,1.0,3.652,0.36,1.0,1.456,0.545,1.0
3,12,2.23,0.129,1.0,1.43,0.09,1.0,0.789,0.2,1.0,2.093,0.216,1.0,0.442,0.275,1.0
4,12,3.33,0.127,1.0,0.87,0.049,1.0,4.16,0.263,1.0,0.359,0.134,1.0,0.678,0.279,1.0
5,12,1.046,0.053,1.0,0.901,0.019,1.0,2.068,0.319,1.0,0.305,0.215,1.0,3.241,0.611,1.0
6,12,1.809,0.099,1.0,0.552,0.046,1.0,0.637,0.241,1.0,2.57,0.262,1.0,0.594,0.338,1.0
7,12,3.171,0.167,1.0,1.234,0.081,1.0,2.089,0.236,1.0,2.788,0.241,1.0,1.865,0.405,1.0
8,12,2.808,0.157,1.0,0.262,0.069,1.0,3.014,0.218,1.0,3.302,0.225,1.0,0.186,0.161,1.0
9,12,1.049,0.052,1.0,1.41,0.02,1.0,0.277,0.209,1.0,2.849,0.276,1.0,0.771,0.376,1.0
10,12,2.687,0.172,1.0,1.86,0.075,1.0,1.238,0.249,1.0,3.255,0.278,1.0,1.16,0.4,1.0
11,12,2.52,0.138,1.0,1.259,0.041,1.0,2.441,0.287,1.0,3.015,0.273,1.0,5.083,0.58,1.0
12,12,1.84,0.114,1.0,1.739,0.04,1.0,3.39,0.247,1.0,0.103,0.086,1.0,1.289,0.357,1.0
13,12,0.994,0.048,1.0,1.547,0.016,1.0,3.235,0.46,1.0,2.112,0.38,1.0,1.438,0.701,1.0
14,12,3.293,0.139,1.0,0.87,0.072,1.0,0.733,0.196,1.0,2.435,0.213,1.0,3.277,0.402,1.0
15,12,0.779,0.036,1.0,2.026,0.013,1.0,0.269,0.223,1.0,2.305,0.282,1.0,1.209,0.498,1.0
16,12,1.632,0.087,1.0,1.434,0.047,1.0,0.948,0.247,1.0,2.69,0.273,1.0,0.491,0.328,1.0
17,12,3.111,0.17,1.0,0.507,0.039,1.0,3.831,0.312,1.0,3.702,0.285,1.0,4.353,0.531,1.0
18,12,1.151,0.06,1.0,1.423,0.021,1.0,2.385,0.44,1.0,3.448,0.428,1.0,2.261,0.737,1.0
19,12,2.216,0.103,1.0,0.654,0.08,1.0,1.023,0.226,1.0,1.186,0.201,1.0,1.124,0.372,1.0
20,12,2.455,0.131,1.0,0.552,0.09,1.0,1.739,0.224,1.0,1.865,0.205,1.0,0.637,0.333,1.0
0,13,1.808,0.102,1.0,0.344,0.043,1.0,3.266,0.307,1.0,1.592,0.225,1.0,0.57,0.364,1.0
1,13,2.526,0.149,1.0,0.874,0.071,1.0,2.459,0.215,1.0,0.24,0.137,1.0,1.089,0.3,1.0
2,13,0.876,0.046,1.0,0.441,0.013,1.0,0.356,0.252,1.0,3.675,0.334,1.0,0.721,0.421,1.0
3,13,2.577,0.147,1.0,0.964,0.085,1.0,1.137,0.22,1.0,2.488,0.236,1.0,0.731,0.338,1.0
4,13,2.363,0.14,1.0,1.872,0.082,1.0,2.827,0.248,1.0,1.76,0.194,1.0,0.395,0.277,1.0
5,13,2.736,0.146,1.0,1.125,0.094,1.0,0.885,0.191,1.0,1.583,0.187,1.0,2.515,0.368,1.0
6,13,3.291,0.134,1.0,0.455,0.057,1.0,3.029,0.236,1.0,1.438,0.165,1.0,3.342,0.408,1.0
7,13,2.415,0.163,1.0,0.645,0.044,1.0,0.257,0.196,1.0,3.713,0.27,1.0,1.8,0.342,1.0
8,13,3.26,0.151,1.0,0.962,0.055,1.0,3.13,0.261,1.0,2.587,0.22,1.0,3.065,0.438,1.0
9,13,1.006,0.04,1.0,1.195,0.023,1.0,1.0,0.205,1.0,0.178,0.134,1.0,0.323,0.254,1.0
10,13,2.002,0.106,1.0,0.836,0.053,1.0,1.946,0.265,1.0,0.88,0.205,1.0,2.425,0.477,1.0
11,13,2.655,0.173,1.0,1.491,0.087,1.0,3.033,0.271,1.0,2.152,0.222,1.0,1.143,0.411,1.0
12,13,2.33,0.154,1.0,0.328,0.044,1.0,0.493,0.258,1.0,3.542,0.296,1.0,3.339,0.483,1.0
13,13,0.614,0.027,1.0,1.612,0.008,1.0,0.37,0.304,1.0,1.445,0.334,1.0,3.33,0.721,1.0
14,13,2.041,0.147,1.0,0.984,0.04,1.0,0.476,0.28,1.0,4.189,0.34,1.0,1.237,0.437,1.0
15,13,0.993,0.051,1.0,0.697,0.017,1.0,0.897,0.424,1.0,3.01,0.402,1.0,2.476,0.719,1.0
16,13,1.263,0.07,1.0,0.476,0.024,1.0,0.205,0.169,1.0,3.112,0.253,1.0,0.734,0.333,1.0
17,13,2.943,0.179,1.0,0.896,0.088,1.0,3.127,0.254,1.0,2.88,0.229,1.0,0.415,0.292,1.0
18,13,0.953,0.047,1.0,1.619,0.014,1.0,2.728,0.492,1.0,1.535,0.408,1.0,3.74,0.812,1.0
19,13,2.339,0.131,1.0,1.496,0.06,1.0,1.734,0.265,1.0,2.278,0.25,1.0,3.066,0.501,1.0
20,13,2.38,0.136,1.0,0.619,0.063,1.0,2.116,0.237,1.0,3.17,0.262,1.0,0.474,0.315,1.0
0,14,2.819,0.142,1.0,0.805,0.093,1.0,0.939,0.184,1.0,0.87,0.152,1.0,2.973,0.382,1.0
1,14,0.597,0.024,1.0,1.467,0.008,1.0,0.865,0.41,1.0,2.079,0.414,1.0,0.8,0.557,1.0
2,14,0.906,0.047,1.0,0.682,0.013,1.0,0.539,0.367,1.0,3.672,0.391,1.0,3.126,0.699,1.0
3,14,2.653,0.168,1.0,1.182,0.064,1.0,1.534,0.266,1.0,3.326,0.292,1.0,1.139,0.422,1.0
4,14,1.476,0.138,1.57,0.572,0.116,1.54,0.224,0.208,1.28,0.628,0.169,1.55,3.863,1.368,1.54
5,14,1.881,0.101,1.0,0.501,0.051,1.0,2.044,0.271,1.0,2.609,0.27,1.0,0.823,0.432,1.0
6,14,2.675,0.155,1.0,1.411,0.072,1.0,2.468,0.251,1.0,0.551,0.173,1.0,1.125,0.357,1.0
7,14,3.027,0.175,1.0,0.994,0.083,1.0,2.337,0.242,1.0,3.14,0.255,1.0,1.036,0.364,1.0
8,14,1.875,0.115,1.0,0.67,0.036,1.0,1.579,0.324,1.0,3.579,0.343,1.0,2.782,0.567,1.0
9,14,1.761,0.114,1.0,1.206,0.035,1.0,0.415,0.269,1.0,3.73,0.317,1.0,2.309,0.458,1.0
10,14,3.328,0.123,1.0,1.279,0.115,1.0,2.15,0.178,1.0,0.668,0.121,1.0,0.387,0.228,1.0
11,14,2.846,0.186,1.0,1.362,0.079,1.0,0.569,0.227,1.0,2.502,0.244,1.0,2.681,0.412,1.0
12,14,2.1,0.113,1.0,1.252,0.059,1.0,1.738,0.259,1.0,2.259,0.254,1.0,1.905,0.442,1.0
13,14,2.435,0.141,1.0,0.908,0.054,1.0,2.718,0.295,1.0,3.565,0.305,1.0,1.784,0.494,1.0
14,14,2.463,0.128,1.0,0.105,0.049,1.0,1.911,0.251,1.0,1.504,0.212,1.0,3.035,0.465,1.0
15,14,0.747,0.033,1.0,1.412,0.012,1.0,1.693,0.499,1.0,1.29,0.444,1.0,2.826,0.864,1.0
16,14,0.805,0.039,1.0,1.25,0.009,1.0,2.448,0.578,1.0,3.324,0.533,1.0,4.72,1.037,1.0
17,14,0.848,0.039,1.0,1.88,0.015,1.0,1.869,0.484,1.0,2.026,0.431,1.0,1.634,0.76,1.0
18,14,1.609,0.097,1.0,1.841,0.025,1.0,4.662,0.447,1.0,2.811,0.352,1.0,3.299,0.677,1.0
19,14,2.677,0.167,1.0,0.218,0.055,1.0,0.276,0.156,1.0,3.768,0.254,1.0,0.342,0.207,1.0
20,14,3.376,0.1,1.0,1.107,0.076,1.0,0.707,0.185,1.0,2.465,0.207,1.0,2.457,0.337,1.0
0,15,2.532,0.15,1.0,1.337,0.051,1.0,3.334,0.322,1.0,2.971,0.278,1.0,2.725,0.521,1.0
1,15,1.892,0.089,1.0,1.061,0.072,1.0,0.833,0.234,1.0,0.979,0.207,1.0,1.421,0.419,1.0
2,15,1.113,0.051,1.0,0.347,0.023,1.0,2.04,0.39,1.0,2.236,0.345,1.0,1.407,0.626,1.0
3,15,1.163,0.057,1.0,1.491,0.028,1.0,0.979,0.304,1.0,2.454,0.309,1.0,0.655,0.439,1.0
4,15,1.38,0.106,1.58,0.473,0.165,1.58,1.098,0.912,1.58,2.289,3.125,1.59,1.012,0.377,1.53
5,15,2.9,0.153,1.0,0.617,0.1,1.0,1.005,0.188,1.0,1.426,0.178,1.0,2.485,0.369,1.0
6,15,3.295,0.136,1.0,1.872,0.083,1.0,2.12,0.202,1.0,0.513,0.136,1.0,2.76,0.349,1.0
7,15,2.173,0.114,1.0,0.87,0.055,1.0,2.083,0.27,1.0,1.498,0.228,1.0,2.761,0.479,1.0
8,15,2.452,0.144,1.0,0.501,0.06,1.0,3.728,0.28,1.0,2.977,0.235,1.0,0.401,0.289,1.0
9,15,1.851,0.105,1.0,1.093,0.051,1.0,1.935,0.308,1.0,2.765,0.291,1.0,1.317,0.493,1.0
10,15,1.9,0.106,1.0,1.775,0.052,1.0,2.025,0.292,1.0,2.318,0.274,1.0,2.16,0.518,1.0
11,15,1.78,0.093,1.0,0.749,0.044,1.0,2.458,0.3,1.0,1.019,0.238,1.0,1.277,0.46,1.0
12,15,1.919,0.105,1.0,2.013,0.049,1.0,2.843,0.329,1.0,2.918,0.299,1.0,1.721,0.525,1.0
13,15,1.589,0.079,1.0,1.028,0.048,1.0,0.433,0.217,1.0,1.795,0.223,1.0,0.559,0.323,1.0
14,15,1.846,0.098,1.0,1.205,0.052,1.0,2.376,0.259,1.0,0.604,0.188,1.0,0.646,0.357,1.0
15,15,1.2,0.062,1.0,0.509,0.024,1.0,2.11,0.354,1.0,3.561,0.367,1.0,0.759,0.487,1.0
16,15,2.232,0.125,1.0,0.284,0.059,1.0,2.239,0.255,1.0,0.863,0.193,1.0,1.536,0.398,1.0
17,15,2.831,0.165,1.0,0.307,0.059,1.0,2.931,0.275,1.0,2.283,0.225,1.0,2.982,0.461,1.0
18,15,1.527,0.085,1.0,1.202,0.03,1.0,3.726,0.341,1.0,0.53,0.224,1.0,0.672,0.406,1.0
19,15,2.766,0.162,1.0,1.158,0.085,1.0,1.164,0.22,1.0,2.358,0.232,1.0,2.125,0.399,1.0
20,15,3.198,0.169,1.0,1.437,0.077,1.0,1.437,0.227,1.0,3.283,0.263,1.0,1.748,0.379,1.0
0,16,3.27,0.146,1.0,1.245,0.062,1.0,4.088,0.288,1.0,2.794,0.226,1.0,1.46,0.392,1.0
1,16,1.951,0.109,1.0,1.087,0.056,1.0,3.107,0.279,1.0,1.753,0.217,1.0,0.409,0.297,1.0
2,16,1.561,0.071,1.0,1.336,0.048,1.0,0.505,0.234,1.0,0.316,0.193,1.0,2.655,0.459,1.0
3,16,0.672,0.03,1.0,0.491,0.008,1.0,3.569,0.537,1.0,0.811,0.417,1.0,2.221,0.808,1.0
4,16,3.401,0.082,1.0,1.152,0.141,1.0,0.888,0.152,1.0,0.826,0.131,1.0,1.548,0.286,1.0
5,16,3.378,0.099,1.0,1.263,0.096,1.0,1.2,0.183,1.0,2.471,0.203,1.0,0.995,0.301,1.0
6,16,3.337,0.123,1.0,1.802,0.073,1.0,3.969,0.28,1.0,3.379,0.243,1.0,0.628,0.341,1.0
7,16,1.377,0.06,1.0,0.993,0.046,1.0,0.819,0.276,1.0,0.554,0.23,1.0,1.182,0.452,1.0
8,16,3.307,0.138,1.0,0.264,0.048,1.0,3.931,0.282,1.0,0.828,0.179,1.0,2.278,0.387,1.0
9,16,2.366,0.158,1.0,1.279,0.049,1.0,4.001,0.328,1.0,0.922,0.202,1.0,0.841,0.388,1.0
10,16,1.029,0.05,1.0,0.214,0.018,1.0,2.6,0.275,1.0,0.243,0.174,1.0,0.566,0.359,1.0
11,16,3.338,0.128,1.0,1.6,0.074,1.0,0.203,0.151,1.0,2.879,0.201,1.0,1.787,0.271,1.0
12,16,2.608,0.154,1.0,0.945,0.063,1.0,2.979,0.269,1.0,0.713,0.176,1.0,1.307,0.368,1.0
13,16,1.082,0.051,1.0,0.398,0.019,1.0,2.227,0.435,1.0,1.987,0.376,1.0,3.156,0.747,1.0
14,16,1.063,0.054,1.0,1.938,0.019,1.0,1.584,0.444,1.0,3.372,0.436,1.0,1.852,0.716,1.0
15,16,3.353,0.117,1.0,0.188,0.058,1.0,0.23,0.156,1.0,3.186,0.212,1.0,1.921,0.276,1.0
16,16,2.829,0.156,1.0,0.483,0.079,1.0,2.142,0.226,1.0,1.253,0.175,1.0,1.582,0.364,1.0
17,16,3.228,0.148,1.0,1.404,0.135,1.0,1.219,0.178,1.0,0.986,0.152,1.0,1.924,0.339,1.0
18,16,2.041,0.109,1.0,1.183,0.055,1.0,0.343,0.194,1.0,1.415,0.196,1.0,3.452,0.425,1.0
19,16,2.911,0.176,1.0,0.522,0.058,1.0,3.677,0.315,1.0,3.728,0.3,1.0,1.808,0.47,1.0
20,16,3.256,0.127,1.0,0.694,0.17,1.0,0.356,0.144,1.0,0.54,0.122,1.0,1.383,0.264,1.0
0,17,3.132,0.168,1.0,0.48,0.067,1.0,3.435,0.288,1.0,3.592,0.273,1.0,1.24,0.414,1.0
1,17,2.633,0.149,1.0,0.974,0.063,1.0,2.513,0.271,1.0,1.827,0.223,1.0,2.108,0.434,1.0
2,17,0.963,0.05,1.0,0.543,0.014,1.0,3.271,0.482,1.0,2.302,0.4,1.0,3.932,0.858,1.0
3,17,1.133,0.065,1.0,1.876,0.019,1.0,2.157,0.442,1.0,4.472,0.466,1.0,2.351,0.764,1.0
4,17,2.307,0.112,1.0,0.759,0.099,1.0,1.401,0.179,1.0,0.659,0.145,1.0,0.327,0.221,1.0
5,17,2.322,0.12,1.0,1.151,0.088,1.0,0.886,0.116,1.0,0.072,0.063,1.0,2.393,0.301,1.0
6,17,3.234,0.155,1.0,1.131,0.062,1.0,2.652,0.241,1.0,1.31,0.178,1.0,3.487,0.436,1.0
7,17,3.069,0.174,1.0,1.494,0.084,1.0,1.397,0.218,1.0,3.164,0.254,1.0,2.101,0.402,1.0
8,17,0.614,0.027,1.0,1.638,0.007,1.0,3.158,0.345,1.0,0.167,0.149,1.0,0.309,0.271,1.0
9,17,2.738,0.193,1.0,1.343,0.06,1.0,0.644,0.274,1.0,3.527,0.308,1.0,2.622,0.433,1.0
10,17,1.088,0.056,1.0,0.739,0.017,1.0,3.382,0.463,1.0,2.945,0.411,1.0,2.173,0.752,1.0
11,17,0.86,0.039,1.0,1.23,0.015,1.0,2.158,0.501,1.0,1.18,0.385,1.0,2.759,0.796,1.0
12,17,3.38,0.102,1.0,1.633,0.058,1.0,0.482,0.223,1.0,3.292,0.258,1.0,3.304,0.404,1.0
13,17,3.116,0.17,1.0,1.293,0.092,1.0,1.016,0.208,1.0,2.094,0.211,1.0,2.538,0.399,1.0
14,17,3.0,0.181,1.0,0.673,0.072,1.0,3.188,0.193,1.0,0.034,0.031,1.0,0.133,0.11,1.0
15,17,0.911,0.038,1.0,1.814,0.016,1.0,1.973,0.295,1.0,0.919,0.25,1.0,0.297,0.262,1.0
16,17,3.215,0.16,1.0,0.691,0.106,1.0,0.604,0.18,1.0,2.114,0.196,1.0,0.705,0.284,1.0
17,17,3.241,0.171,1.0,0.382,0.057,1.0,0.121,0.104,1.0,3.452,0.205,1.0,1.958,0.254,1.0
18,17,3.378,0.099,1.0,1.575,0.13,1.0,0.775,0.167,1.0,1.908,0.18,1.0,0.569,0.259,1.0
19,17,2.77,0.168,1.0,1.833,0.042,1.0,4.386,0.363,1.0,2.885,0.275,1.0,3.216,0.539,1.0
20,17,0.733,0.033,1.0,1.78,0.009,1.0,3.531,0.591,1.0,3.332,0.531,1.0,2.017,0.938,1.0
0,18,1.142,0.047,1.0,0.215,0.024,1.0,1.16,0.313,1.0,1.495,0.276,1.0,0.705,0.446,1.0
1,18,1.183,0.059,1.0,0.584,0.026,1.0,2.522,0.342,1.0,0.97,0.275,1.0,0.903,0.506,1.0
2,18,2.754,0.17,1.0,1.697,0.122,1.0,1.235,0.214,1.0,2.051,0.215,1.0,0.678,0.332,1.0
3,18,3.109,0.17,1.0,0.492,0.081,1.0,1.335,0.218,1.0,2.28,0.219,1.0,2.295,0.4,1.0
4,18,2.709,0.16,1.0,1.049,0.068,1.0,2.672,0.245,1.0,0.706,0.161,1.0,2.315,0.377,1.0
5,18,3.334,0.12,1.0,0.452,0.082,1.0,1.455,0.205,1.0,2.307,0.207,1.0,1.417,0.361,1.0
6,18,1.622,0.086,1.0,1.561,0.048,1.0,2.157,0.296,1.0,1.024,0.236,1.0,1.253,0.481,1.0
7,18,2.935,0.147,1.0,0.344,0.116,1.0,0.941,0.173,1.0,0.345,0.137,1.0,1.583,0.312,1.0
8,18,2.002,0.112,1.0,1.33,0.054,1.0,3.076,0.289,1.0,1.22,0.204,1.0,1.187,0.415,1.0
9,18,2.329,0.131,1.0,0.217,0.049,1.0,2.923,0.301,1.0,1.783,0.238,1.0,2.084,0.479,1.0
10,18,0.711,0.036,1.0,1.463,0.009,1.0,4.755,0.657,1.0,4.609,0.577,1.0,2.241,1.016,1.0
11,18,0.736,0.382,1.55,0.483,0.083,1.58,2.246,1.071,1.59,2.756,0.902,1.57,2.054,0.982,1.14
12,18,1.524,0.081,1.0,0.198,0.031,1.0,3.423,0.313,1.0,0.565,0.205,1.0,0.65,0.385,1.0
13,18,2.65,0.171,1.0,1.601,0.044,1.0,4.35,0.341,1.0,0.603,0.196,1.0,2.14,0.431,1.0
14,18,2.453,0.164,1.0,1.268,0.064,1.0,0.447,0.235,1.0,3.027,0.267,1.0,0.952,0.359,1.0
15,18,1.758,0.093,1.0,0.904,0.04,1.0,2.906,0.298,1.0,0.598,0.202,1.0,0.932,0.424,1.0
16,18,1.658,0.09,1.0,1.297,0.034,1.0,3.546,0.395,1.0,3.599,0.359,1.0,1.716,0.61,1.0
17,18,3.043,0.183,1.0,0.862,0.075,1.0,0.64,0.211,1.0,2.561,0.235,1.0,3.037,0.414,1.0
18,18,1.9,0.126,1.0,0.796,0.044,1.0,0.796,0.292,1.0,3.212,0.321,1.0,1.604,0.467,1.0
19,18,1.212,0.07,1.0,1.282,0.023,1.0,0.486,0.31,1.0,3.063,0.323,1.0,2.768,0.577,1.0
20,18,2.055,0.103,1.0,0.514,0.051,1.0,1.45,0.266,1.0,1.745,0.238,1.0,2.65,0.483,1.0
0,19,1.937,0.117,1.0,1.421,0.058,1.0,0.725,0.236,1.0,2.623,0.261,1.0,0.54,0.327,1.0
1,19,0.792,0.042,1.0,0.712,0.011,1.0,0.78,0.472,1.0,4.266,0.491,1.0,2.75,0.815,1.0
2,19,2.836,0.17,1.0,0.544,0.062,1.0,3.321,0.302,1.0,2.825,0.26,1.0,1.384,0.437,1.0
3,19,1.741,0.097,1.0,1.166,0.038,1.0,3.187,0.33,1.0,3.681,0.329,1.0,0.674,0.437,1.0
4,19,0.821,0.041,1.0,1.604,0.011,1.0,4.648,0.59,1.0,3.327,0.506,1.0,1.718,0.873,1.0
5,19,0.675,0.032,1.0,1.277,0.008,1.0,4.045,0.664,1.0,4.29,0.606,1.0,3.386,1.077,1.0
6,19,2.44,0.151,1.0,0.46,0.06,1.0,3.13,0.252,1.0,0.311,0.14,1.0,0.495,0.292,1.0
7,19,1.736,0.09,1.0,1.396,0.042,1.0,2.408,0.344,1.0,2.96,0.321,1.0,2.14,0.575,1.0
8,19,3.243,0.151,1.0,0.173,0.074,1.0,1.675,0.175,1.0,3.473,0.236,1.0,0.248,0.192,1.0
9,19,3.412,0.077,1.0,1.653,0.05,1.0,3.772,0.27,1.0,3.78,0.255,1.0,2.463,0.44,1.0
10,19,2.76,0.171,1.0,0.223,0.059,1.0,1.71,0.242,1.0,3.347,0.278,1.0,2.064,0.41,1.0
11,19,1.991,0.111,1.0,0.326,0.047,1.0,1.574,0.274,1.0,3.263,0.3,1.0,0.821,0.433,1.0
12,19,2.764,0.156,1.0,1.215,0.113,1.0,0.887,0.196,1.0,1.678,0.194,1.0,0.941,0.332,1.0
13,19,1.771,0.082,1.0,0.159,0.049,1.0,1.342,0.282,1.0,1.151,0.235,1.0,2.092,0.488,1.0
14,19,1.01,0.045,1.0,1.935,0.021,1.0,1.584,0.354,1.0,0.579,0.298,1.0,2.079,0.582,1.0
15,19,1.295,0.065,1.0,0.962,0.023,1.0,2.151,0.411,1.0,2.813,0.375,1.0,3.973,0.718,1.0
16,19,0.739,0.031,1.0,0.309,0.011,1.0,2.573,0.443,1.0,1.805,0.386,1.0,0.659,0.503,1.0
17,19,2.996,0.187,1.0,1.677,0.085,1.0,3.466,0.249,1.0,3.343,0.238,1.0,0.196,0.172,1.0
18,19,1.741,0.1,1.0,0.379,0.03,1.0,4.05,0.339,1.0,0.672,0.206,1.0,0.942,0.418,1.0
19,19,0.732,0.037,1.0,1.07,0.01,1.0,3.787,0.645,1.0,4.482,0.593,1.0,2.337,1.024,1.0
20,19,1.943,0.09,1.0,1.84,0.085,1.0,0.329,0.171,1.0,0.23,0.138,1.0,2.159,0.355,1.0
0,20,1.018,0.052,1.0,1.783,0.018,1.0,1.768,0.404,1.0,3.674,0.416,1.0,1.166,0.617,1.0
1,20,2.857,0.165,1.0,0.638,0.052,1.0,2.941,0.264,1.0,1.041,0.173,1.0,3.999,0.461,1.0
2,20,2.339,0.131,1.0,0.394,0.079,1.0,2.168,0.205,1.0,0.389,0.134,1.0,0.361,0.234,1.0
3,20,2.592,0.144,1.0,0.341,0.054,1.0,2.304,0.237,1.0,0.739,0.165,1.0,3.501,0.436,1.0
4,20,3.133,0.176,1.0,1.013,0.073,1.0,2.413,0.223,1.0,0.492,0.148,1.0,2.635,0.356,1.0
5,20,3.173,0.168,1.0,1.043,0.07,1.0,3.551,0.284,1.0,2.646,0.231,1.0,1.608,0.422,1.0
6,20,1.099,0.062,1.0,1.314,0.021,1.0,0.279,0.224,1.0,3.201,0.287,1.0,1.694,0.482,1.0
7,20,3.003,0.188,1.0,1.92,0.059,1.0,3.939,0.328,1.0,2.127,0.238,1.0,2.107,0.451,1.0
8,20,0.891,0.044,1.0,0.557,0.014,1.0,3.544,0.498,1.0,2.31,0.414,1.0,1.818,0.768,1.0
9,20,2.0,0.082,1.0,0.201,0.077,1.0,0.18,0.113,1.0,0.72,0.122,1.0,0.39,0.208,1.0
10,20,1.667,0.092,1.0,0.94,0.031,1.0,2.877,0.364,1.0,1.533,0.287,1.0,3.269,0.616,1.0
11,20,1.528,0.08,1.0,0.387,0.025,1.0,3.98,0.426,1.0,3.827,0.38,1.0,1.892,0.665,1.0
12,20,1.013,0.049,1.0,0.603,0.018,1.0,2.866,0.38,1.0,0.501,0.272,1.0,1.043,0.543,1.0
13,20,0.904,0.043,1.0,1.223,0.015,1.0,3.337,0.365,1.0,0.731,0.274,1.0,0.369,0.317,1.0
14,20,1.863,0.086,1.0,1.42,0.075,1.0,0.217,0.152,1.0,0.348,0.138,1.0,2.406,0.354,1.0
15,20,0.88,0.036,1.0,1.84,0.019,1.0,0.703,0.341,1.0,0.555,0.29,1.0,1.278,0.577,1.0
16,20,1.993,0.125,1.0,1.346,0.036,1.0,0.803,0.307,1.0,3.886,0.342,1.0,4.13,0.59,1.0
17,20,0.659,0.027,1.0,1.201,0.009,1.0,1.518,0.553,1.0,1.086,0.458,1.0,2.31,0.907,1.0
18,20,1.92,0.104,1.0,1.86,0.077,1.0,1.183,0.221,1.0,0.435,0.177,1.0,1.814,0.395,1.0
19,20,0.763,0.036,1.0,1.898,0.011,1.0,0.966,0.484,1.0,2.595,0.437,1.0,3.127,0.842,1.0
20,20,1.011,0.05,1.0,1.194,0.019,1.0,0.279,0.221,1.0,1.962,0.257,1.0,2.86,0.544,1.0
0,21,0.933,0.047,1.0,1.335,0.015,1.0,2.805,0.505,1.0,2.375,0.416,1.0,2.642,0.824,1.0
1,21,3.376,0.1,1.0,1.7,0.065,1.0,2.781,0.219,1.0,1.45,0.165,1.0,3.09,0.4,1.0
2,21,1.132,0.064,1.0,1.161,0.02,1.0,1.145,0.435,1.0,3.441,0.425,1.0,3.358,0.766,1.0
3,21,1.674,0.089,1.0,1.429,0.029,1.0,3.424,0.384,1.0,3.309,0.341,1.0,2.985,0.637,1.0
4,21,1.874,0.104,1.0,1.194,0.053,1.0,1.77,0.262,1.0,3.052,0.279,1.0,0.518,0.352,1.0
5,21,2.145,0.126,1.0,0.7,0.041,1.0,2.897,0.303,1.0,0.902,0.225,1.0,3.74,0.529,1.0
6,21,3.213,0.165,1.0,0.62,0.07,1.0,2.807,0.196,1.0,0.139,0.096,1.0,1.613,0.256,1.0
7,21,3.321,0.132,1.0,1.246,0.085,1.0,0.226,0.149,1.0,1.98,0.169,1.0,2.872,0.314,1.0
8,21,0.553,0.022,1.0,0.394,0.006,1.0,2.187,0.572,1.0,2.916,0.559,1.0,1.354,0.841,1.0
9,21,1.391,0.08,1.0,1.159,0.027,1.0,1.144,0.302,1.0,3.844,0.356,1.0,0.562,0.384,1.0
10,21,3.283,0.144,1.0,1.558,0.084,1.0,2.278,0.232,1.0,2.83,0.231,1.0,1.791,0.391,1.0
11,21,1.979,0.112,1.0,1.933,0.056,1.0,2.778,0.308,1.0,1.672,0.247,1.0,1.221,0.461,1.0
12,21,1.866,0.093,1.0,0.878,0.054,1.0,1.566,0.271,1.0,0.723,0.211,1.0,2.057,0.473,1.0
13,21,0.924,0.046,1.0,1.667,0.016,1.0,1.594,0.493,1.0,2.85,0.451,1.0,3.604,0.841,1.0
14,21,1.362,0.064,1.0,1.944,0.04,1.0,1.545,0.312,1.0,1.604,0.274,1.0,1.094,0.513,1.0
15,21,3.263,0.145,1.0,0.297,0.056,1.0,2.516,0.203,1.0,0.33,0.126,1.0,3.519,0.364,1.0
16,21,2.153,0.122,1.0,1.748,0.049,1.0,3.291,0.268,1.0,0.234,0.154,1.0,1.074,0.332,1.0
17,21,2.045,0.12,1.0,0.85,0.042,1.0,3.187,0.27,1.0,0.285,0.155,1.0,1.706,0.395,1.0
18,21,1.797,0.109,1.0,1.741,0.053,1.0,0.385,0.172,1.0,2.613,0.222,1.0,0.222,0.18,1.0
19,21,2.076,0.108,1.0,0.284,0.048,1.0,1.482,0.242,1.0,0.395,0.179,1.0,3.536,0.468,1.0
20,21,1.39,0.079,1.0,0.709,0.025,1.0,3.975,0.387,1.0,0.526,0.269,1.0,1.744,0.552,1.0
0,22,2.936,0.178,1.0,0.641,0.056,1.0,3.976,0.326,1.0,3.481,0.286,1.0,1.387,0.44,1.0
1,22,3.061,0.175,1.0,1.041,0.11,1.0,2.463,0.194,1.0,1.767,0.159,1.0,0.207,0.168,1.0
2,22,3.172,0.168,1.0,0.863,0.068,1.0,2.571,0.235,1.0,0.705,0.157,1.0,3.022,0.402,1.0
3,22,1.2,0.054,1.0,0.327,0.027,1.0,1.034,0.364,1.0,1.54,0.328,1.0,1.917,0.646,1.0
4,22,1.394,0.693,2.59,0.4,0.211,2.47,1.901,0.9,2.72,1.877,0.975,2.61,2.807,0.734,1.2
5,22,2.582,0.158,1.0,1.659,0.051,1.0,3.495,0.321,1.0,3.144,0.291,1.0,2.165,0.49,1.0
6,22,2.225,0.138,1.0,1.767,0.059,1.0,1.123,0.251,1.0,2.848,0.269,1.0,2.845,0.478,1.0
7,22,3.263,0.155,1.0,1.489,0.083,1.0,2.247,0.242,1.0,3.439,0.261,1.0,0.686,0.344,1.0
8,22,1.782,0.108,1.0,1.693,0.038,1.0,3.38,0.31,1.0,0.456,0.21,1.0,0.724,0.393,1.0
9,22,3.305,0.135,1.0,1.723,0.139,1.0,1.658,0.125,1.0,0.082,0.06,1.0,0.188,0.128,1.0
10,22,3.072,0.186,1.0,1.568,0.084,1.0,2.222,0.228,1.0,3.754,0.278,1.0,0.474,0.294,1.0
11,22,1.295,0.062,1.0,0.45,0.03,1.0,0.862,0.318,1.0,1.064,0.277,1.0,3.483,0.611,1.0
12,22,1.645,0.086,1.0,0.446,0.035,1.0,1.699,0.324,1.0,2.313,0.307,1.0,3.665,0.627,1.0
13,22,3.302,0.138,1.0,0.971,0.074,1.0,2.351,0.182,1.0,0.167,0.108,1.0,2.317,0.302,1.0
14,22,2.314,0.136,1.0,0.821,0.054,1.0,3.602,0.29,1.0,1.269,0.19,1.0,0.541,0.308,1.0
15,22,1.877,0.102,1.0,1.591,0.056,1.0,2.436,0.247,1.0,0.322,0.16,1.0,0.653,0.33,1.0
16,22,3.327,0.123,1.0,1.648,0.058,1.0,3.377,0.27,1.0,2.78,0.233,1.0,3.109,0.466,1.0
17,22,2.576,0.17,1.0,1.458,0.044,1.0,4.021,0.333,1.0,0.611,0.19,1.0,1.931,0.44,1.0
18,22,2.942,0.152,1.0,0.834,0.093,1.0,0.479,0.183,1.0,0.897,0.167,1.0,3.381,0.41,1.0
19,22,1.115,0.212,1.58,0.453,0.056,1.53,2.858,2.269,1.53,1.739,0.31,1.46,1.352,0.558,1.58
20,22,2.147,0.126,1.0,0.353,0.037,1.0,2.816,0.329,1.0,3.536,0.323,1.0,3.856,0.576,1.0
0,23,2.212,0.1,1.0,0.891,0.104,1.0,0.225,0.119,1.0,0.929,0.126,1.0,0.182,0.14,1.0
1,23,2.191,0.142,1.0,2.04,0.037,1.0,3.272,0.28,1.0,0.245,0.152,1.0,4.005,0.49,1.0
2,23,1.673,0.098,1.0,1.319,0.031,1.0,0.77,0.323,1.0,3.091,0.332,1.0,3.464,0.594,1.0
3,23,3.384,0.096,1.0,0.286,0.05,1.0,3.171,0.231,1.0,0.777,0.152,1.0,2.815,0.371,1.0
4,23,3.387,0.092,1.0,1.518,0.129,1.0,2.188,0.171,1.0,1.471,0.135,1.0,0.256,0.186,1.0
5,23,3.219,0.169,1.0,0.546,0.071,1.0,3.67,0.257,1.0,1.169,0.152,1.0,0.44,0.261,1.0
6,23,3.317,0.132,1.0,0.785,0.094,1.0,2.256,0.143,1.0,0.067,0.052,1.0,0.148,0.112,1.0
7,23,3.18,0.166,1.0,1.873,0.091,1.0,2.843,0.228,1.0,3.482,0.248,1.0,0.334,0.243,1.0
8,23,2.508,0.153,1.0,1.459,0.073,1.0,1.775,0.253,1.0,2.951,0.265,1.0,1.304,0.418,1.0
9,23,2.392,0.125,1.0,0.217,0.07,1.0,1.22,0.199,1.0,0.343,0.154,1.0,2.858,0.397,1.0
10,23,1.194,0.055,1.0,0.684,0.03,1.0,0.223,0.159,1.0,1.701,0.199,1.0,0.435,0.277,1.0
11,23,2.413,0.147,1.0,1.158,0.058,1.0,2.014,0.287,1.0,3.118,0.288,1.0,2.236,0.487,1.0
12,23,1.218,0.053,1.0,0.211,0.03,1.0,0.48,0.268,1.0,1.043,0.243,1.0,1.793,0.482,1.0
13,23,3.306,0.139,1.0,1.851,0.084,1.0,0.413,0.192,1.0,2.761,0.23,1.0,2.173,0.342,1.0
14,23,3.319,0.126,1.0,0.303,0.084,1.0,2.487,0.219,1.0,1.654,0.173,1.0,1.075,0.344,1.0
15,23,0.913,0.045,1.0,0.513,0.014,1.0,0.392,0.297,1.0,3.157,0.336,1.0,2.3,0.575,1.0
16,23,1.693,0.087,1.0,1.618,0.045,1.0,2.225,0.291,1.0,0.842,0.224,1.0,0.92,0.438,1.0
17,23,2.731,0.156,1.0,1.399,0.074,1.0,3.349,0.294,1.0,2.405,0.241,1.0,1.178,0.424,1.0
18,23,2.271,0.124,1.0,0.53,0.068,1.0,2.01,0.255,1.0,2.09,0.233,1.0,1.415,0.418,1.0
19,23,1.926,0.099,1.0,1.714,0.067,1.0,1.872,0.26,1.0,1.837,0.231,1.0,1.092,0.433,1.0
20,23,1.172,0.06,1.0,1.025,0.022,1.0,2.602,0.36,1.0,0.44,0.254,1.0,1.401,0.562,1.0
0,24,3.186,0.169,1.0,1.468,0.128,1.0,0.147,0.108,1.0,1.951,0.148,1.0,0.444,0.181,1.0
1,24,1.082,0.058,1.0,0.667,0.017,1.0,0.407,0.275,1.0,3.378,0.318,1.0,1.061,0.48,1.0
2,24,0.8,0.036,1.0,0.527,0.011,1.0,3.063,0.539,1.0,1.893,0.459,1.0,2.016,0.848,1.0
3,24,3.358,0.111,1.0,0.541,0.07,1.0,1.954,0.218,1.0,3.33,0.24,1.0,1.064,0.341,1.0
4,24,3.331,0.126,1.0,0.476,0.042,1.0,3.904,0.278,1.0,1.347,0.183,1.0,3.676,0.446,1.0
5,24,2.626,0.161,1.0,1.664,0.055,1.0,2.898,0.308,1.0,3.899,0.316,1.0,2.086,0.492,1.0
6,24,0.732,0.034,1.0,1.507,0.011,1.0,0.771,0.414,1.0,2.857,0.403,1.0,1.211,0.658,1.0
7,24,1.46,0.088,1.0,1.341,0.035,1.0,0.598,0.302,1.0,3.174,0.32,1.0,0.919,0.449,1.0
8,24,1.716,0.102,1.0,1.52,0.032,1.0,1.383,0.317,1.0,3.113,0.33,1.0,4.059,0.608,1.0
9,24,1.434,0.076,1.0,1.255,0.037,1.0,0.691,0.299,1.0,2.16,0.302,1.0,1.811,0.528,1.0
10,24,1.226,0.055,1.0,0.564,0.027,1.0,1.472,0.356,1.0,0.642,0.295,1.0,2.178,0.638,1.0
11,24,0.77,0.035,1.0,1.612,0.012,1.0,1.952,0.518,1.0,1.708,0.467,1.0,3.618,0.87,1.0
12,24,1.885,0.106,1.0,1.642,0.049,1.0,0.434,0.233,1.0,1.982,0.24,1.0,3.797,0.491,1.0
13,24,2.779,0.163,1.0,1.446,0.074,1.0,2.515,0.266,1.0,3.087,0.262,1.0,1.9,0.432,1.0
14,24,3.333,0.121,1.0,1.601,0.102,1.0,2.263,0.222,1.0,2.589,0.217,1.0,0.848,0.34,1.0
15,24,2.265,0.127,1.0,1.359,0.072,1.0,2.761,0.273,1.0,2.059,0.225,1.0,0.729,0.376,1.0
16,24,2.521,0.158,1.0,1.127,0.058,1.0,1.177,0.263,1.0,2.9,0.274,1.0,3.869,0.508,1.0
17,24,0.951,0.05,1.0,0.927,0.015,1.0,2.448,0.492,1.0,3.469,0.454,1.0,2.984,0.836,1.0
18,24,0.815,0.034,1.0,1.103,0.015,1.0,1.823,0.463,1.0,1.404,0.403,1.0,1.472,0.731,1.0
19,24,2.725,0.153,1.0,0.284,0.046,1.0,3.771,0.33,1.0,3.65,0.302,1.0,2.518,0.508,1.0
20,24,1.173,0.063,1.0,1.642,0.02,1.0,3.596,0.473,1.0,4.055,0.446,1.0,1.919,0.76,1.0
0,25,2.225,0.134,1.0,0.21,0.049,1.0,2.615,0.312,1.0,3.671,0.317,1.0,1.115,0.464,1.0
1,25,2.805,0.168,1.0,1.004,0.112,1.0,2.181,0.221,1.0,1.506,0.179,1.0,0.59,0.305,1.0
2,25,1.364,0.062,1.0,1.299,0.037,1.0,0.466,0.269,1.0,0.869,0.25,1.0,2.521,0.522,1.0
3,25,0.587,0.025,1.0,1.0,0.007,1.0,0.714,0.468,1.0,2.098,0.453,1.0,2.978,0.866,1.0
4,25,2.852,0.187,1.0,0.586,0.066,1.0,3.359,0.245,1.0,0.234,0.118,1.0,0.307,0.21,1.0
5,25,0.683,0.032,1.0,0.73,0.009,1.0,3.691,0.408,1.0,0.404,0.267,1.0,0.448,0.359,1.0
6,25,3.307,0.132,1.0,0.724,0.083,1.0,2.608,0.21,1.0,0.417,0.129,1.0,0.788,0.283,1.0
7,25,1.83,0.129,1.0,0.77,0.034,1.0,0.534,0.295,1.0,4.054,0.352,1.0,2.199,0.488,1.0
8,25,1.289,0.063,1.0,1.114,0.032,1.0,1.623,0.345,1.0,1.105,0.296,1.0,2.707,0.634,1.0
9,25,1.445,0.07,1.0,0.39,0.035,1.0,2.019,0.333,1.0,0.698,0.265,1.0,1.385,0.524,1.0
10,25,1.712,0.1,1.0,0.41,0.046,1.0,0.826,0.302,1.0,2.746,0.306,1.0,1.046,0.456,1.0
11,25,3.293,0.141,1.0,1.188,0.064,1.0,2.315,0.245,1.0,3.714,0.27,1.0,2.431,0.438,1.0
12,25,2.282,0.136,1.0,1.452,0.045,1.0,3.807,0.343,1.0,2.207,0.263,1.0,2.629,0.537,1.0
13,25,3.191,0.176,1.0,1.45,0.077,1.0,2.934,0.26,1.0,1.182,0.182,1.0,2.191,0.398,1.0
14,25,3.383,0.097,1.0,1.641,0.072,1.0,0.974,0.204,1.0,2.716,0.224,1.0,2.909,0.385,1.0
15,25,1.879,0.104,1.0,0.273,0.036,1.0,3.897,0.364,1.0,2.596,0.298,1.0,1.42,0.546,1.0
16,25,2.279,0.122,1.0,1.338,0.067,1.0,1.32,0.232,1.0,0.819,0.186,1.0,3.355,0.468,1.0
17,25,0.837,0.038,1.0,1.429,0.014,1.0,1.994,0.397,1.0,0.54,0.313,1.0,2.004,0.705,1.0
18,25,1.889,0.097,1.0,1.193,0.045,1.0,2.739,0.289,1.0,3.33,0.293,1.0,0.575,0.37,1.0
19,25,2.183,0.122,1.0,1.867,0.05,1.0,1.952,0.28,1.0,2.492,0.266,1.0,3.414,0.525,1.0
20,25,0.957,0.05,1.0,0.679,0.013,1.0,1.224,0.468,1.0,3.763,0.45,1.0,1.728,0.729,1.0
0,26,2.991,0.177,1.0,1.145,0.063,1.0,1.598,0.237,1.0,3.158,0.265,1.0,2.84,0.446,1.0
1,26,3.189,0.158,1.0,0.714,0.094,1.0,0.736,0.188,1.0,2.126,0.199,1.0,1.96,0.337,1.0
2,26,0.613,0.027,1.0,1.416,0.008,1.0,0.728,0.41,1.0,3.101,0.427,1.0,0.986,0.609,1.0
3,26,0.982,0.05,1.0,1.877,0.016,1.0,3.251,0.489,1.0,3.85,0.451,1.0,1.223,0.698,1.0
4,26,2.746,0.198,1.0,1.912,0.058,1.0,0.272,0.195,1.0,3.94,0.284,1.0,1.738,0.349,1.0
5,26,3.368,0.106,1.0,1.022,0.083,1.0,0.403,0.181,1.0,2.45,0.206,1.0,1.166,0.29,1.0
6,26,1.378,0.076,1.0,1.068,0.029,1.0,2.843,0.351,1.0,0.651,0.256,1.0,1.832,0.552,1.0
7,26,1.541,0.083,1.0,1.124,0.031,1.0,2.231,0.362,1.0,2.128,0.321,1.0,3.826,0.682,1.0
8,26,1.914,0.114,1.0,1.533,0.048,1.0,0.379,0.185,1.0,2.72,0.235,1.0,0.317,0.225,1.0
9,26,0.666,0.029,1.0,1.847,0.009,1.0,1.877,0.582,1.0,2.039,0.51,1.0,2.223,0.93,1.0
10,26,0.685,0.031,1.0,0.709,0.009,1.0,1.849,0.563,1.0,3.217,0.514,1.0,1.456,0.818,1.0
11,26,1.599,0.086,1.0,1.033,0.031,1.0,3.089,0.369,1.0,3.63,0.359,1.0,1.162,0.571,1.0
12,26,0.629,0.029,1.0,1.334,0.008,1.0,1.338,0.448,1.0,3.59,0.468,1.0,0.671,0.517,1.0
13,26,1.546,0.083,1.0,1.958,0.023,1.0,2.847,0.382,1.0,2.443,0.336,1.0,5.625,0.77,1.0
14,26,1.567,0.086,1.0,0.196,0.029,1.0,2.902,0.375,1.0,1.296,0.306,1.0,2.835,0.61,1.0
15,26,3.199,0.165,1.0,0.932,0.069,1.0,2.665,0.215,1.0,0.235,0.123,1.0,2.118,0.309,1.0
16,26,3.255,0.136,1.0,1.115,0.137,1.0,0.658,0.113,1.0,0.121,0.084,1.0,2.171,0.254,1.0
17,26,2.266,0.091,1.0,0.468,0.113,1.0,0.128,0.097,1.0,0.203,0.094,1.0,0.697,0.196,1.0
18,26,3.337,0.117,1.0,0.708,0.114,1.0,1.726,0.188,1.0,1.907,0.179,1.0,0.617,0.295,1.0
19,26,0.545,0.022,1.0,1.87,0.006,1.0,2.794,0.688,1.0,1.435,0.574,1.0,2.778,1.087,1.0
20,26,2.543,0.149,1.0,1.555,0.074,1.0,3.62,0.293,1.0,2.549,0.236,1.0,0.526,0.325,1.0
0,27,1.82,0.107,1.0,1.243,0.038,1.0,3.12,0.354,1.0,3.525,0.338,1.0,1.732,0.56,1.0
1,27,2.1,0.114,1.0,1.188,0.046,1.0,2.928,0.296,1.0,1.774,0.233,1.0,3.273,0.52,1.0
2,27,0.545,0.021,1.0,1.332,0.006,1.0,1.852,0.566,1.0,1.583,0.525,1.0,1.212,0.789,1.0
3,27,1.15,0.27,1.59,0.511,0.082,1.58,1.982,2.7,1.53,1.11,1.437,1.55,1.921,0.527,1.21
4,27,0.933,0.04,1.0,1.43,0.018,1.0,0.736,0.349,1.0,1.521,0.322,1.0,1.082,0.557,1.0
5,27,3.145,0.169,1.0,0.531,0.09,1.0,2.253,0.197,1.0,0.393,0.124,1.0,0.891,0.264,1.0
6,27,2.196,0.138,1.0,0.776,0.063,1.0,0.179,0.142,1.0,2.14,0.182,1.0,2.431,0.331,1.0
7,27,3.3,0.137,1.0,1.19,0.058,1.0,3.314,0.256,1.0,1.237,0.169,1.0,2.565,0.387,1.0
8,27,1.093,0.056,1.0,0.51,0.021,1.0,3.634,0.387,1.0,2.732,0.335,1.0,0.601,0.446,1.0
9,27,1.291,0.068,1.0,0.504,0.023,1.0,3.19,0.418,1.0,3.453,0.395,1.0,2.971,0.719,1.0
10,27,3.249,0.156,1.0,1.598,0.082,1.0,3.001,0.234,1.0,0.767,0.143,1.0,1.006,0.301,1.0
11,27,1.774,0.095,1.0,0.695,0.051,1.0,0.541,0.251,1.0,2.097,0.251,1.0,1.72,0.443,1.0
12,27,1.442,0.073,1.0,1.713,0.039,1.0,0.262,0.187,1.0,1.348,0.202,1.0,3.237,0.456,1.0
13,27,2.908,0.179,1.0,1.129,0.091,1.0,3.06,0.251,1.0,2.131,0.198,1.0,0.456,0.293,1.0
14,27,2.938,0.173,1.0,1.148,0.089,1.0,1.407,0.232,1.0,2.824,0.253,1.0,1.08,0.363,1.0
15,27,2.284,0.121,1.0,1.186,0.094,1.0,0.537,0.178,1.0,1.67,0.189,1.0,0.395,0.251,1.0
16,27,3.176,0.165,1.0,0.651,0.09,1.0,1.258,0.197,1.0,2.243,0.201,1.0,1.617,0.331,1.0
17,27,1.171,0.064,1.0,1.243,0.022,1.0,2.672,0.443,1.0,2.839,0.392,1.0,2.65,0.732,1.0
18,27,3.248,0.159,1.0,1.132,0.077,1.0,0.195,0.143,1.0,2.985,0.201,1.0,0.96,0.241,1.0
19,27,1.842,0.094,1.0,1.23,0.052,1.0,1.135,0.274,1.0,1.675,0.255,1.0,2.286,0.49,1.0
20,27,1.381,0.071,1.0,0.868,0.026,1.0,2.642,0.313,1.0,0.316,0.212,1.0,2.687,0.555,1.0
0,28,1.12,0.048,1.0,1.002,0.023,1.0,1.163,0.346,1.0,0.817,0.299,1.0,2.454,0.614,1.0
1,28,1.076,0.049,1.0,0.645,0.021,1.0,2.366,0.382,1.0,1.848,0.334,1.0,0.977,0.548,1.0
2,28,3.35,0.106,1.0,0.866,0.122,1.0,0.716,0.152,1.0,0.664,0.131,1.0,2.132,0.3,1.0
3,28,2.748,0.158,1.0,0.633,0.078,1.0,1.191,0.222,1.0,2.744,0.244,1.0,1.033,0.366,1.0
4,28,0.594,0.026,1.0,1.04,0.007,1.0,0.55,0.368,1.0,3.332,0.434,1.0,1.046,0.606,1.0
5,28,0.855,0.037,1.0,1.796,0.017,1.0,1.059,0.302,1.0,0.236,0.19,1.0,2.348,0.616,1.0
6,28,1.983,0.125,1.0,0.309,0.043,1.0,0.641,0.292,1.0,3.563,0.327,1.0,1.144,0.446,1.0
7,28,2.595,0.168,1.0,1.016,0.049,1.0,1.017,0.278,1.0,4.059,0.331,1.0,2.151,0.45,1.0
8,28,2.576,0.13,1.0,0.242,0.072,1.0,1.012,0.2,1.0,0.549,0.169,1.0,3.407,0.412,1.0
9,28,1.13,0.06,1.0,1.545,0.021,1.0,3.158,0.393,1.0,3.91,0.392,1.0,0.847,0.55,1.0
10,28,1.465,0.088,1.0,1.576,0.029,1.0,0.514,0.297,1.0,3.501,0.33,1.0,1.227,0.472,1.0
11,28,2.438,0.14,1.0,0.692,0.068,1.0,2.589,0.275,1.0,1.915,0.232,1.0,1.007,0.414,1.0
12,28,2.605,0.149,1.0,0.529,0.057,1.0,2.533,0.248,1.0,0.954,0.173,1.0,2.97,0.414,1.0
13,28,2.835,0.162,1.0,0.178,0.077,1.0,2.792,0.244,1.0,1.697,0.184,1.0,0.668,0.318,1.0
14,28,2.456,0.133,1.0,0.957,0.078,1.0,1.869,0.252,1.0,1.882,0.226,1.0,1.389,0.416,1.0
15,28,2.39,0.127,1.0,1.574,0.078,1.0,1.403,0.224,1.0,0.567,0.172,1.0,3.008,0.432,1.0
16,28,2.159,0.11,1.0,0.858,0.066,1.0,1.515,0.234,1.0,0.835,0.188,1.0,2.514,0.42,1.0
17,28,3.361,0.103,1.0,1.289,0.133,1.0,1.289,0.164,1.0,0.598,0.134,1.0,1.43,0.291,1.0
18,28,1.729,0.08,1.0,0.406,0.043,1.0,0.338,0.211,1.0,0.983,0.195,1.0,3.613,0.477,1.0
19,28,3.131,0.172,1.0,0.155,0.065,1.0,2.494,0.237,1.0,1.376,0.182,1.0,2.689,0.398,1.0
20,28,2.836,0.167,1.0,0.593,0.081,1.0,2.309,0.226,1.0,0.482,0.144,1.0,1.626,0.347,1.0
0,29,1.86,0.117,1.0,2.008,0.034,1.0,1.34,0.335,1.0,4.037,0.374,1.0,3.907,0.6,1.0
1,29,3.184,0.18,1.0,1.463,0.079,1.0,0.323,0.171,1.0,2.994,0.228,1.0,2.236,0.32,1.0
2,29,0.938,0.046,1.0,1.942,0.014,1.0,3.272,0.518,1.0,1.466,0.425,1.0,2.73,0.82,1.0
3,29,3.168,0.167,1.0,0.795,0.096,1.0,2.498,0.219,1.0,2.914,0.22,1.0,0.416,0.269,1.0
4,29,3.171,0.175,1.0,0.944,0.076,1.0,1.628,0.216,1.0,2.971,0.239,1.0,2.406,0.396,1.0
5,29,2.173,0.138,1.0,0.5,0.044,1.0,0.176,0.122,1.0,3.553,0.236,1.0,0.264,0.171,1.0
6,29,0.522,0.016,1.0,0.447,0.005,1.0,2.578,0.578,1.0,4.857,0.596,1.0,1.007,0.738,1.0
7,29,1.777,0.099,1.0,0.726,0.036,1.0,1.424,0.342,1.0,2.865,0.327,1.0,3.34,0.608,1.0
8,29,1.844,0.108,1.0,1.587,0.035,1.0,2.201,0.36,1.0,4.203,0.378,1.0,1.64,0.574,1.0
9,29,2.81,0.162,1.0,1.269,0.067,1.0,2.131,0.243,1.0,2.353,0.225,1.0,2.783,0.432,1.0
10,29,1.167,0.063,1.0,0.955,0.021,1.0,0.828,0.398,1.0,3.341,0.396,1.0,2.348,0.685,1.0
11,29,2.365,0.132,1.0,1.728,0.057,1.0,1.482,0.266,1.0,2.699,0.273,1.0,3.643,0.53,1.0
12,29,2.327,0.155,1.0,1.251,0.056,1.0,0.443,0.24,1.0,2.969,0.275,1.0,2.139,0.409,1.0
13,29,0.846,0.04,1.0,1.42,0.013,1.0,3.655,0.495,1.0,1.823,0.404,1.0,1.163,0.683,1.0
14,29,1.565,0.081,1.0,1.898,0.046,1.0,2.533,0.303,1.0,0.759,0.225,1.0,0.861,0.424,1.0
15,29,3.195,0.158,1.0,1.769,0.081,1.0,2.661,0.245,1.0,2.262,0.21,1.0,2.504,0.42,1.0
16,29,2.481,0.17,1.0,0.673,0.049,1.0,0.441,0.241,1.0,3.344,0.283,1.0,3.516,0.465,1.0
17,29,1.586,0.091,1.0,0.57,0.034,1.0,3.866,0.309,1.0,2.677,0.247,1.0,0.252,0.218,1.0
18,29,1.615,0.088,1.0,1.833,0.046,1.0,2.474,0.33,1.0,1.161,0.255,1.0,1.171,0.492,1.0
19,29,3.365,0.102,1.0,0.679,0.096,1.0,2.298,0.185,1.0,2.168,0.171,1.0,0.369,0.242,1.0
20,29,0.874,0.043,1.0,0.313,0.012,1.0,3.391,0.534,1.0,1.365,0.415,1.0,3.857,0.893,1.0
