group_parameter_set_ID,synthetic_par_ID,beta0,beta1,beta2,drift
0,0,3.2007037696947944,0.5103058530994622,17.044300480794796,0.23463359823264707
0,1,3.4136024106914675,0.7414420007458618,21.960990685621606,0.1703327469458528
0,2,4.9520182268630935,0.5194813142218699,8.13121961568078,0.2328307387575716
0,3,8.71961781825244,1.1760232670247117,8.927284395867211,0.1253218793316074
0,4,7.951245960881206,0.41311435331727886,2.7187157338316332,0.27622888754904834
0,5,9.343150416182537,0.5529748233782483,36.94736517759788,0.2555099563370365
0,6,1.8759457479083157,2.1881458369452185,2.717393594358079,0.18310401746097912
0,7,4.318781700223292,1.2780243704330774,20.27802673541492,0.452703258050542
0,8,2.603632164280764,0.851880063557933,17.88200537408223,0.17537135352683259
0,9,2.968977427485603,0.4795980592819211,10.048008197041366,0.2694080919932068
0,10,5.840964479988027,0.5181036094088616,3.833559706127888,0.29706459061781804
0,11,2.950745217472605,1.1884506779363204,17.813862358023297,0.23925008347485427
0,12,6.045594593040921,0.6950374388394865,9.722306537656134,0.20095266537760764
0,13,3.538652151287566,0.7122196257284745,27.402356279633448,0.1890461367631348
0,14,4.350524240271646,1.236782240004539,9.466589116710498,0.2035420796957141
0,15,3.443990391409776,0.33526272252613726,3.058312946433573,0.1078686371127435
0,16,3.692933606819846,0.4474111752031889,6.428678105033768,0.2015530347585766
0,17,4.90142690293271,0.22073280446141036,13.711804709124605,0.397799045204184
0,18,5.161567455175915,0.7971412606588034,31.26656403772049,0.35550168759789114
0,19,4.531952688365294,0.1782133397442061,9.750677911800661,0.25437519548626386
0,20,7.394853325443102,0.1814898393689203,32.609292065908235,0.23173141407644837
1,0,1.8019285051430365,3.7792347866304117,6.358159390457748,0.2531374449515471
1,1,2.059403154042306,8.042968704987866,0.015279411505650297,0.14774600460653423
1,2,1.8146537787918227,9.585904838885016,0.12864263807231682,0.09750797142274127
1,3,1.8311300087229925,23.223407313231057,0.20898194304601092,0.3272038183812407
1,4,2.710028690191849,9.937069576244205,0.421161498773556,0.10199171736975163
1,5,1.8003294367312006,10.786312344925124,2.507118997836261,0.03863230189117456
1,6,1.634080757971334,10.959292611414716,11.921379270005218,0.19107295783752573
1,7,1.6562160088470197,11.811049192137926,8.886660644353086,0.38196411156286425
1,8,1.641689601359283,5.081165310525453,0.966675363864175,0.10765260611169283
1,9,1.6957724014894966,4.730988537469949,6.6375802149501855,0.09946761895365658
1,10,1.8839113421487697,19.506607690590226,2.442421997748015,0.01403847762627623
1,11,2.1645155986487516,8.014417667777103,0.06665602736930737,0.10600521915208189
1,12,1.849647844417977,16.687220330698636,0.08512722555441038,0.04299923139596685
1,13,2.4162421713504947,6.7058093403124,0.29829909624490764,0.165291851720594
1,14,1.4152177579114043,13.240364622046496,0.9011916753064905,0.11045262373471867
1,15,2.054058249212252,10.654742785866103,1.1875617334855382,0.0076719213329390044
1,16,2.8717865613483435,18.24042789258896,4.750293764440053,0.042599682249017744
1,17,1.6988281811374388,22.89968532944108,0.09356884678428887,0.1592967071235136
1,18,1.4056173917160217,3.4458956485595915,4.139803888062619,0.16892630394620187
1,19,1.681043169079227,14.114854986935876,0.7289806761192648,0.08199688854801698
1,20,1.7344364949238233,25.152072483827443,0.6449132012458758,0.15942851293225974
2,0,15.424449611130632,0.10436338009443351,0.08664023234599964,0.5613485303112261
2,1,0.3852359769971746,0.03789464894034309,0.0944606316334221,0.16260905311703755
2,2,14.668861326785018,0.09495542550158967,0.037833703766272646,0.045229684156946275
2,3,0.03556069433894624,0.07490368919844027,0.019232369583855158,0.31077125177869097
2,4,3.865433550597212,0.044944987038834164,0.015043182823490871,0.4723892466237986
2,5,43.9707376222565,0.08031805861930708,0.013430086890001644,0.578343901615954
2,6,0.059679388427336895,0.09893339059503345,0.027563397092473216,0.5901560733050515
2,7,0.2920321048520507,0.07254261905676357,0.041792737145805996,1.3172119549412276
2,8,0.10727292204060528,0.0816419368612249,0.023533527193495683,0.27374077556429544
2,9,0.41738622734603714,0.04948432138250118,0.022743637863971326,0.38982869201874876
2,10,0.0012744359657348367,0.11062757437927377,0.014160861482122426,0.3353667981209248
2,11,0.03270598682371393,0.08078986352789101,0.015042697796564619,0.42523025874498127
2,12,0.3980935970062439,0.09264870573998261,0.07705401897977553,0.18421288762922883
2,13,0.6052319533452748,0.05646555319206336,0.046086244463791025,0.12223457674481272
2,14,7.30490854129955,0.11651020265991689,0.011945314725296556,0.11937758234743981
2,15,0.0028249759791406765,0.13160667050254968,0.003649368626668113,0.264022553388174
2,16,19.73711814781681,0.06221972130248591,0.07197172602465332,0.2965442461072548
2,17,0.4957784347741802,0.06943677473953433,0.07453795016290407,1.392533578402281
2,18,0.03577576038725008,0.07455625892251698,0.04904035802263726,0.21125903104636173
2,19,0.18941901033989267,0.07313653109968708,0.019519199056422184,0.48782318735830793
2,20,0.07791225580974742,0.06879002906987906,0.017199247477252447,0.11503315690365602
3,0,17.251549353219303,0.26988080744675025,0.16432010589089882,4.2089330195171515
3,1,7.9306198017265075,0.03633947360182034,7.399877606728854,4.655035271132744
3,2,0.3216866373085386,0.011490750647403824,0.206718544163471,1.3964984816576649
3,3,0.5489439491498038,0.04671217246273131,4.372752030739342,2.6408501897797048
3,4,2.6630199308044857,0.028607022081916466,2.3192892934658866,0.686721176040404
3,5,3.7812864895014946,0.4078864971066141,0.2817695136133962,9.765940736519086
3,6,3.566123362660068,0.2705350612450392,1.5855953174459865,1.426127744240168
3,7,14.774994923511066,0.09126560093611903,1.4003463694453153,0.40034280323872085
3,8,22.517141766804983,2.9596895433366237,1.0288752053346233,0.8090803133562653
3,9,1.516008987418267,0.07595129420394453,3.8107708002667198,2.6283670504752177
3,10,14.011532043223564,0.06569436416906524,12.012346561477406,4.2984137477282385
3,11,0.4092607857131792,0.19858683837007857,0.8716100063134405,1.2478739398797116
3,12,1.7875970765446803,0.032201796836590454,8.057630630659057,5.918388307554822
3,13,0.8434939431162827,0.012630357585867008,2.294067151943775,2.4649003563813023
3,14,2.159320426749163,0.0052273098072825345,0.30219038400156994,9.019951399987542
3,15,4.68448811636332,0.00514892520471067,0.9478377184170171,9.034853444361099
3,16,0.707207302132537,0.023559141017206138,0.17177570904485023,5.917778048627088
3,17,0.8858569723734193,0.4322323394524662,6.351523637719552,1.2106181146712407
3,18,25.92759419004075,0.02650622881368386,2.8058038502016256,2.1819596681940188
3,19,3.7391846362159473,0.06420990866955635,2.1465317220249585,9.806641424059412
3,20,1.045025462389896,0.05763441827909825,0.13974147187552344,9.575081278997242
4,0,0.418425728130921,0.38808115700571194,1.049455414692558,605.3269987417881
4,1,0.395162884923981,2.9905627280076974,0.8426023260464633,4.644282872998923
4,2,0.4306276238295945,13.391314252059063,6.245656807366247,27.83665748482943
4,3,0.37945267412337946,0.96118377223731,2.601832599683266,6.687581057286612
4,4,0.42753527214301884,4.326443649913941,3.6162062797498162,3.8293108938311557
4,5,0.3933497321370637,2.5711194910228277,1.5731272676396666,81.15257895782162
4,6,0.37505450666746454,2.3078082380602893,1.2010433868362644,6.742102792949883
4,7,0.4633121683509134,0.7003885008704221,0.672490771085031,2.2876520803968154
4,8,0.38118404082892904,1.8767294228317732,1.6609080674860697,37.99239322131543
4,9,0.3942728964086572,22.166762373162083,1.5264576600513988,4.825499764329577
4,10,0.4204958991040087,20.446579755170426,4.1256793262278695,7.972002001023607
4,11,0.40290731569757593,571.8454443761112,1.9851599303765508,8.440603745615793
4,12,0.40291133035926874,1.9760505231355445,0.6598616688249821,1.1082357602474366
4,13,0.48136200303023935,0.5308014479851375,1.5239220753367013,13.50403467274644
4,14,0.3926259167476431,1.0791000482666342,1.969901709916666,142.98772466511585
4,15,0.41856356898393765,50.26425531310841,3.098047764927549,5.774078164900585
4,16,0.408364083866059,1.1168787102260427,6.265429709069446,14.413094270186244
4,17,0.39912032495501176,26.10261471158517,1.7054487985703564,6.368928537514887
4,18,0.46385126909233393,6.684652906671088,6.76618567844037,24.863576817163484
4,19,0.40065535292924215,19.05348132185908,1.1822875370762675,1.2318194142243453
4,20,0.40148547070353885,12.879317322232367,4.702894072591658,53.83114265351188
5,0,21.8098811442862,0.9488499644482371,3.615121380516957,0.11508024362108833
5,1,18.434637392497702,0.4191009230723684,4.992618021580798,0.1125068924940759
5,2,44.93025363636947,0.21201282000612048,2.8691308070821515,0.2978691522259139
5,3,31.870505655625266,0.1798677633125966,3.644463668564456,0.2513761707915706
5,4,35.438338887065804,0.5439295056820637,3.183797879043377,0.36328473483315166
5,5,15.218086258361096,0.5494195960370528,4.357884236769404,0.17266767632280963
5,6,44.60923884613826,0.716218724765883,3.0941844279436355,0.2974558377670212
5,7,44.73156057936803,0.8923182928780943,4.5788595431593,0.11020117601133261
5,8,18.679606520742105,0.48761185621335307,6.174214060599901,0.23888249808873363
5,9,16.668491404326236,0.2534907410704707,5.451037096623058,0.23503876168863327
5,10,38.689117255299365,0.7576641419908134,3.580403165841511,0.34894170651366135
5,11,27.019415449592657,0.35012747607456596,5.197026702698346,0.20011077655549508
5,12,43.0774314966697,0.1837193903715119,3.483455351978672,0.7185373711860904
5,13,18.07808320646576,1.5350927150296456,5.244371722610435,0.2907352248045998
5,14,47.12455918042079,0.0946180794783468,3.6008713734148814,0.5847867333965078
5,15,73.39465988081851,0.5722175947267537,4.674755521615924,0.3152540873561979
5,16,40.620883068365636,0.8892717671945305,3.891142095408406,0.264875360983221
5,17,22.447280241977268,0.3595058875995818,2.727472716365821,0.21092820093206505
5,18,17.813985489140244,0.1808558806018863,3.5033998910859006,0.3838238790688566
5,19,12.741415644231688,0.260585521708518,4.003739322480895,0.34656831015986944
5,20,19.497270970375887,0.49461149926443315,4.621020406332706,0.1551183812814189
6,0,0.5486464690145538,2.5492419803770163,3.1496226275909085,1.235067512457803
6,1,0.4484536178411576,2.704171767527748,1.0649128965893657,0.2844929216654055
6,2,0.7360885393990572,2.1129228584417006,0.3880356388492455,0.1815707098473642
6,3,0.42835187137039193,7.233299872264362,0.9762390490732179,0.5602443966362607
6,4,0.5009590105772995,3.1003781544813642,1.2631445854919496,6.920853492692555
6,5,0.8267630935377707,2.619415073617648,3.03006749244985,1.007120390395411
6,6,0.49574747090026144,1.267695732437903,1.4022174662641171,0.08193473814870997
6,7,0.30945761700239816,1.2461102507129755,7.580663247807303,3.50884846690426
6,8,0.30461143054713324,6.033049087106316,0.5654115477548171,0.5539489122895975
6,9,0.3019120917472248,10.406229083904073,8.732787220158436,0.24850699437373827
6,10,0.5096913929919906,3.4800772685810997,1.435457391612172,1.1444611398086708
6,11,0.6199469837502951,1.0704896770324468,0.932590657786206,0.2629160556687151
6,12,0.7783752354056828,4.916428211498672,2.3519141186795935,1.696546566575858
6,13,0.8457003563510144,3.348271223123661,1.813112411829027,0.657709389761115
6,14,0.4691705935351822,3.7605572082429535,4.6787730624634625,0.030960693247139546
6,15,0.4448420280857114,2.1631689740011173,0.13087086017259678,0.823713398556472
6,16,0.36785441567308197,19.423589521190735,5.464249378896563,0.15397619318774095
6,17,0.44253033649619866,1.1476762742172646,1.8168267509451481,0.36103042240506045
6,18,0.6711354148712613,0.7348980557841907,1.103816538433625,0.9395080335572488
6,19,0.3386671832421945,1.7366549187138183,1.199726199124189,0.13834059931141163
6,20,0.5872361221892858,1.0703178904411128,0.9059226849970741,0.6511714746517634
7,0,2.129640963538569,0.030566065749198592,0.4173731407505391,0.9020008956576286
7,1,1.6484081804723971,0.31662328192886785,0.28964209618650144,1.4013191368375733
7,2,2.343345605284114,0.5106271019301123,0.17178517876932564,0.6293345938255759
7,3,2.2777763805299522,0.3117771756938467,0.35357896430865987,0.8919160286338487
7,4,3.0315162724235876,0.5109897155861962,0.5209855190675307,1.5036049302843693
7,5,1.5131170795809967,0.2598334386161622,0.17010945353763035,4.200010233875125
7,6,3.058326844102363,1.3144334217981841,0.19587881827747453,0.9625512183086982
7,7,2.340835094778988,0.1929856932820556,0.22200224752008837,4.723572674584715
7,8,2.092035591440274,0.15724824232775306,0.4117462626857436,0.595594226285786
7,9,3.1080889945275945,1.115666420381199,0.22409934964465908,0.5332361316703818
7,10,0.9406420483519127,0.4168907490509046,0.3434881702182865,0.9665463829619321
7,11,3.2412586657950313,0.09714260762149958,0.12791866462074045,0.19947107546204726
7,12,2.083387973237926,0.9002054357057082,0.14011755341647492,3.3092123370002713
7,13,1.669783889552296,0.8459398070698699,0.27804557247151557,4.385682811329707
7,14,2.217129448422356,0.4872986907146713,0.6864695525452684,0.34668043978790886
7,15,2.8560234800580107,0.33580504632123925,0.23326300878443976,1.4449351488963558
7,16,1.614558577835977,1.1434775971065436,0.37338382462907543,0.14146481302535252
7,17,3.8567016639580833,1.107331989209018,0.08044834530071193,0.8578346316714144
7,18,2.272280602521165,0.6896081717744241,0.11783357518548464,4.476907298818493
7,19,3.6757579033500285,0.5201828500944562,0.7246561957519119,19.36684087561158
7,20,2.5508353184049484,0.206154664795459,0.19134169181218696,1.5200190602202246
8,0,0.9578549655370269,19.38042813301558,4.925804693972804,1.9574038861768013
8,1,0.04238972456709812,16.30907750323714,4.479881180171227,2.734122014648795
8,2,1.1468495417309181,19.969331301434654,4.990583858604227,2.6799330321013604
8,3,18.21981812185966,14.534968885421415,4.602332081578473,1.0790796274960235
8,4,0.22829773469257342,19.581888311953346,4.740652661154881,2.3280124991526447
8,5,0.0010524273698700303,17.329081223649577,4.184672210378007,1.1437841754755516
8,6,0.3507620323418424,22.463108554145336,4.192965808475028,1.7618796161345076
8,7,0.060302017769870826,15.028506005699157,3.5484590387742787,1.9370404818757045
8,8,0.5534495010046038,17.249711414812307,3.5819570168168764,3.1344606216631554
8,9,0.08598335435428263,16.20554312805091,3.8064136665563413,1.5309509342227823
8,10,26.374906227651707,16.59550254248039,4.606798779499989,3.0232108708127514
8,11,4.862858817754182,20.11274034311842,4.05830093412624,1.956318448403227
8,12,2.0194901729710217,16.64495238335557,4.172524894946141,1.28766302009934
8,13,0.19629401909585742,19.320700608317516,4.562460342756908,1.7409564064892078
8,14,0.023560152421459913,16.91417673418663,3.899520260307681,1.5726423172146817
8,15,1.7363285451182826,18.230559334103408,3.790200939715343,2.6364702579069776
8,16,0.07930649734527581,21.24666692931151,4.514897053587634,2.752062667229797
8,17,1.0353006800494893,12.248913151978888,4.482463128803663,1.943887672061772
8,18,8.398196695558187,19.07194872779566,3.6332055166688377,2.8059100034375852
8,19,0.8192365780210183,20.297042151755242,5.312854265593806,1.078878801141692
8,20,7.9367245332170855,17.00356600842882,3.910007415547926,1.1124982616517343
9,0,0.2044771155003719,0.0827018449445741,1.221912262082928,0.03555653830126815
9,1,0.5744357214483841,0.37839413868148597,2.639457970926039,0.08929731764066103
9,2,0.1547754390359615,1.735379534522606,0.26680807076959967,0.09362474635249457
9,3,0.3934181193507618,0.28903099108183616,0.21598881435027653,0.013949291581186511
9,4,0.3780938915059939,5.08061516034399,0.1705131909482468,0.18871149789932784
9,5,0.2946411707691994,32.72705212603612,1.169089086995395,0.012125817304933152
9,6,0.5616441358319001,1.0087475691338417,0.4036523084887917,0.05890081925615033
9,7,0.5137486083380914,0.4616703875264904,2.3235535776236627,0.14367060489170047
9,8,0.34597164514868656,3.6211721924668954,3.5485935473481014,0.07205707335503425
9,9,0.26774677157277366,5.208561713861655,0.5709783437198366,0.4972099881241726
9,10,0.09816963728390954,27.81178023538094,0.2935424228898762,0.06261597376720358
9,11,0.42729642122292627,0.16483089070123152,0.5230683589791137,0.13499802532418884
9,12,0.2710924701558206,2.396246514315824,0.07599335972910892,0.1706223540933744
9,13,0.35908552168086993,0.3091353104941183,0.14170396747683953,0.027964945328851982
9,14,0.5679833868807634,0.35096111373024175,0.1906097139380514,0.14976234550299974
9,15,0.15590289021976983,18.3540957827301,0.07373713634730311,0.18199640606343487
9,16,0.41220337015327374,0.2686730074142379,0.7270155087669667,0.05338599383975858
9,17,0.214898548982401,1.5299726104893827,0.6334740315326759,0.015863631660677276
9,18,0.25026679548500474,14.703868515973475,0.19052047762876947,0.29319093366020604
9,19,0.41674278388465746,4.286296082731521,0.09188907340961397,0.18422664654260063
9,20,0.2699437820805323,7.053418741745799,4.961178126712031,0.06619473175949336
